<?xml version='1.0' encoding='UTF-8' standalone='no'?>
<doxygen xmlns:xsi="http://www.w3.org/2001/XMLSchema-instance" xsi:noNamespaceSchemaLocation="compound.xsd" version="1.8.18">
  <compounddef id="dir_e3d620c6b6fdb93ed3bc6186215bde2e" kind="dir">
    <compoundname>/var/jenkins_home/workspace/lysis_rocBLAS-internal_develop_2/Is6XfxYHY/rocblas/library</compoundname>
    <innerdir refid="dir_9bb0cdb2fc6936e925cffa69d90b0c80">/var/jenkins_home/workspace/lysis_rocBLAS-internal_develop_2/Is6XfxYHY/rocblas/library/include</innerdir>
    <briefdescription>
    </briefdescription>
    <detaileddescription>
    </detaileddescription>
    <location file="/var/jenkins_home/workspace/lysis_rocBLAS-internal_develop_2/Is6XfxYHY/rocblas/library/"/>
  </compounddef>
</doxygen>
