<?xml version='1.0' encoding='UTF-8' standalone='no'?>
<doxygen xmlns:xsi="http://www.w3.org/2001/XMLSchema-instance" xsi:noNamespaceSchemaLocation="compound.xsd" version="1.8.18">
  <compounddef id="dir_4d4cedbfe53dfada87561371d3b04327" kind="dir">
    <compoundname>/var/jenkins_home/workspace/lysis_rocBLAS-internal_develop_2/Is6XfxYHY/rocblas/library/include/internal</compoundname>
    <innerfile refid="rocblas-auxiliary_8h">rocblas-auxiliary.h</innerfile>
    <innerfile refid="rocblas-complex-types_8h">rocblas-complex-types.h</innerfile>
    <innerfile refid="rocblas-functions_8h">rocblas-functions.h</innerfile>
    <innerfile refid="rocblas-types_8h">rocblas-types.h</innerfile>
    <innerfile refid="rocblas__bfloat16_8h">rocblas_bfloat16.h</innerfile>
    <briefdescription>
    </briefdescription>
    <detaileddescription>
    </detaileddescription>
    <location file="/var/jenkins_home/workspace/lysis_rocBLAS-internal_develop_2/Is6XfxYHY/rocblas/library/include/internal/"/>
  </compounddef>
</doxygen>
