<?xml version='1.0' encoding='UTF-8' standalone='no'?>
<doxygen xmlns:xsi="http://www.w3.org/2001/XMLSchema-instance" xsi:noNamespaceSchemaLocation="compound.xsd" version="1.8.18">
  <compounddef id="rocblas_8h" kind="file" language="C++">
    <compoundname>rocblas.h</compoundname>
    <includes refid="rocblas-auxiliary_8h" local="yes">internal/rocblas-auxiliary.h</includes>
    <includes local="yes">internal/rocblas-export.h</includes>
    <includes refid="rocblas-functions_8h" local="yes">internal/rocblas-functions.h</includes>
    <includes refid="rocblas-types_8h" local="yes">internal/rocblas-types.h</includes>
    <includes local="yes">internal/rocblas-version.h</includes>
    <incdepgraph>
      <node id="9">
        <label>stdbool.h</label>
      </node>
      <node id="11">
        <label>rocblas-complex-types.h</label>
        <link refid="rocblas-complex-types_8h"/>
      </node>
      <node id="2">
        <label>internal/rocblas-auxiliary.h</label>
        <link refid="rocblas-auxiliary_8h"/>
        <childnode refid="3" relation="include">
        </childnode>
        <childnode refid="4" relation="include">
        </childnode>
      </node>
      <node id="7">
        <label>float.h</label>
      </node>
      <node id="1">
        <label>/var/jenkins_home/workspace/lysis_rocBLAS-internal_develop_2/Is6XfxYHY/rocblas/library/include/rocblas.h</label>
        <link refid="rocblas_8h"/>
        <childnode refid="2" relation="include">
        </childnode>
        <childnode refid="12" relation="include">
        </childnode>
        <childnode refid="13" relation="include">
        </childnode>
        <childnode refid="4" relation="include">
        </childnode>
        <childnode refid="14" relation="include">
        </childnode>
      </node>
      <node id="14">
        <label>internal/rocblas-version.h</label>
      </node>
      <node id="5">
        <label>rocblas_bfloat16.h</label>
        <link refid="rocblas__bfloat16_8h"/>
        <childnode refid="6" relation="include">
        </childnode>
      </node>
      <node id="6">
        <label>stdint.h</label>
      </node>
      <node id="10">
        <label>stddef.h</label>
      </node>
      <node id="12">
        <label>internal/rocblas-export.h</label>
      </node>
      <node id="3">
        <label>rocblas-export.h</label>
      </node>
      <node id="8">
        <label>math.h</label>
      </node>
      <node id="13">
        <label>internal/rocblas-functions.h</label>
        <link refid="rocblas-functions_8h"/>
        <childnode refid="3" relation="include">
        </childnode>
        <childnode refid="4" relation="include">
        </childnode>
      </node>
      <node id="4">
        <label>rocblas-types.h</label>
        <link refid="rocblas-types_8h"/>
        <childnode refid="3" relation="include">
        </childnode>
        <childnode refid="5" relation="include">
        </childnode>
        <childnode refid="7" relation="include">
        </childnode>
        <childnode refid="8" relation="include">
        </childnode>
        <childnode refid="9" relation="include">
        </childnode>
        <childnode refid="10" relation="include">
        </childnode>
        <childnode refid="6" relation="include">
        </childnode>
        <childnode refid="11" relation="include">
        </childnode>
      </node>
    </incdepgraph>
    <briefdescription>
<para><ref refid="rocblas_8h" kindref="compound">rocblas.h</ref> includes other *.h and exposes a common interface </para>
    </briefdescription>
    <detaileddescription>
    </detaileddescription>
    <programlisting>
<codeline lineno="1"><highlight class="comment">/*<sp/>************************************************************************</highlight></codeline>
<codeline lineno="2"><highlight class="comment"><sp/>*<sp/>Copyright<sp/>2016-2020<sp/>Advanced<sp/>Micro<sp/>Devices,<sp/>Inc.</highlight></codeline>
<codeline lineno="3"><highlight class="comment"><sp/>*<sp/>************************************************************************<sp/>*/</highlight><highlight class="normal"></highlight></codeline>
<codeline lineno="4"><highlight class="normal"></highlight></codeline>
<codeline lineno="9"><highlight class="preprocessor">#ifndef<sp/>_ROCBLAS_H_</highlight><highlight class="normal"></highlight></codeline>
<codeline lineno="10"><highlight class="normal"></highlight><highlight class="preprocessor">#define<sp/>_ROCBLAS_H_</highlight><highlight class="normal"></highlight></codeline>
<codeline lineno="11"><highlight class="normal"></highlight></codeline>
<codeline lineno="12"><highlight class="normal"></highlight><highlight class="comment">/*<sp/>library<sp/>headers<sp/>*/</highlight><highlight class="normal"></highlight></codeline>
<codeline lineno="13"><highlight class="normal"></highlight><highlight class="preprocessor">#include<sp/>&quot;<ref refid="rocblas-auxiliary_8h" kindref="compound">internal/rocblas-auxiliary.h</ref>&quot;</highlight><highlight class="normal"></highlight></codeline>
<codeline lineno="14"><highlight class="normal"></highlight><highlight class="preprocessor">#include<sp/>&quot;internal/rocblas-export.h&quot;</highlight><highlight class="normal"></highlight></codeline>
<codeline lineno="15"><highlight class="normal"></highlight><highlight class="preprocessor">#include<sp/>&quot;<ref refid="rocblas-functions_8h" kindref="compound">internal/rocblas-functions.h</ref>&quot;</highlight><highlight class="normal"></highlight></codeline>
<codeline lineno="16"><highlight class="normal"></highlight><highlight class="preprocessor">#include<sp/>&quot;<ref refid="rocblas-types_8h" kindref="compound">internal/rocblas-types.h</ref>&quot;</highlight><highlight class="normal"></highlight></codeline>
<codeline lineno="17"><highlight class="normal"></highlight><highlight class="preprocessor">#include<sp/>&quot;internal/rocblas-version.h&quot;</highlight><highlight class="normal"></highlight></codeline>
<codeline lineno="18"><highlight class="normal"></highlight></codeline>
<codeline lineno="19"><highlight class="normal"></highlight><highlight class="preprocessor">#endif<sp/>//<sp/>_ROCBLAS_H_</highlight></codeline>
    </programlisting>
    <location file="/var/jenkins_home/workspace/lysis_rocBLAS-internal_develop_2/Is6XfxYHY/rocblas/library/include/rocblas.h"/>
  </compounddef>
</doxygen>
