<?xml version='1.0' encoding='UTF-8' standalone='no'?>
<doxygen xmlns:xsi="http://www.w3.org/2001/XMLSchema-instance" xsi:noNamespaceSchemaLocation="compound.xsd" version="1.8.18">
  <compounddef id="rocblas__bfloat16_8h" kind="file" language="C++">
    <compoundname>rocblas_bfloat16.h</compoundname>
    <includes local="no">stdint.h</includes>
    <includedby refid="rocblas-types_8h" local="yes">/var/jenkins_home/workspace/lysis_rocBLAS-internal_develop_2/Is6XfxYHY/rocblas/library/include/internal/rocblas-types.h</includedby>
    <incdepgraph>
      <node id="1">
        <label>/var/jenkins_home/workspace/lysis_rocBLAS-internal_develop_2/Is6XfxYHY/rocblas/library/include/internal/rocblas_bfloat16.h</label>
        <link refid="rocblas__bfloat16_8h"/>
        <childnode refid="2" relation="include">
        </childnode>
      </node>
      <node id="2">
        <label>stdint.h</label>
      </node>
    </incdepgraph>
    <invincdepgraph>
      <node id="3">
        <label>/var/jenkins_home/workspace/lysis_rocBLAS-internal_develop_2/Is6XfxYHY/rocblas/library/include/internal/rocblas-auxiliary.h</label>
        <link refid="rocblas-auxiliary_8h"/>
        <childnode refid="4" relation="include">
        </childnode>
      </node>
      <node id="4">
        <label>/var/jenkins_home/workspace/lysis_rocBLAS-internal_develop_2/Is6XfxYHY/rocblas/library/include/rocblas.h</label>
        <link refid="rocblas_8h"/>
      </node>
      <node id="1">
        <label>/var/jenkins_home/workspace/lysis_rocBLAS-internal_develop_2/Is6XfxYHY/rocblas/library/include/internal/rocblas_bfloat16.h</label>
        <link refid="rocblas__bfloat16_8h"/>
        <childnode refid="2" relation="include">
        </childnode>
      </node>
      <node id="5">
        <label>/var/jenkins_home/workspace/lysis_rocBLAS-internal_develop_2/Is6XfxYHY/rocblas/library/include/internal/rocblas-functions.h</label>
        <link refid="rocblas-functions_8h"/>
        <childnode refid="4" relation="include">
        </childnode>
      </node>
      <node id="2">
        <label>/var/jenkins_home/workspace/lysis_rocBLAS-internal_develop_2/Is6XfxYHY/rocblas/library/include/internal/rocblas-types.h</label>
        <link refid="rocblas-types_8h"/>
        <childnode refid="3" relation="include">
        </childnode>
        <childnode refid="5" relation="include">
        </childnode>
        <childnode refid="4" relation="include">
        </childnode>
      </node>
    </invincdepgraph>
    <innerclass refid="structrocblas__bfloat16" prot="public">rocblas_bfloat16</innerclass>
    <briefdescription>
<para><ref refid="rocblas__bfloat16_8h" kindref="compound">rocblas_bfloat16.h</ref> provides struct for <ref refid="structrocblas__bfloat16" kindref="compound">rocblas_bfloat16</ref> typedef </para>
    </briefdescription>
    <detaileddescription>
<para>MIT License</para>
<para>Copyright 2019-2021 Advanced Micro Devices, Inc. All rights reserved.</para>
<para>Permission is hereby granted, free of charge, to any person obtaining a copy of this software and associated documentation files (the &quot;Software&quot;), to deal in the Software without restriction, including without limitation the rights to use, copy, modify, merge, publish, distribute, sublicense, and/or sell copies of the Software, and to permit persons to whom the Software is furnished to do so, subject to the following conditions:</para>
<para>The above copyright notice and this permission notice shall be included in all copies or substantial portions of the Software.</para>
<para>THE SOFTWARE IS PROVIDED &quot;AS IS&quot;, WITHOUT WARRANTY OF ANY KIND, EXPRESS OR IMPLIED, INCLUDING BUT NOT LIMITED TO THE WARRANTIES OF MERCHANTABILITY, FITNESS FOR A PARTICULAR PURPOSE AND NONINFRINGEMENT. IN NO EVENT SHALL THE AUTHORS OR COPYRIGHT HOLDERS BE LIABLE FOR ANY CLAIM, DAMAGES OR OTHER LIABILITY, WHETHER IN AN ACTION OF CONTRACT, TORT OR OTHERWISE, ARISING FROM, OUT OF OR IN CONNECTION WITH THE SOFTWARE OR THE USE OR OTHER DEALINGS IN THE SOFTWARE. </para>
    </detaileddescription>
    <programlisting>
<codeline lineno="1"></codeline>
<codeline lineno="29"><highlight class="preprocessor">#ifndef<sp/>_ROCBLAS_BFLOAT16_H_</highlight><highlight class="normal"></highlight></codeline>
<codeline lineno="30"><highlight class="normal"></highlight><highlight class="preprocessor">#define<sp/>_ROCBLAS_BFLOAT16_H_</highlight><highlight class="normal"></highlight></codeline>
<codeline lineno="31"><highlight class="normal"></highlight></codeline>
<codeline lineno="32"><highlight class="normal"></highlight><highlight class="preprocessor">#if<sp/>__cplusplus<sp/>&lt;<sp/>201103L<sp/>||<sp/>(!defined(__HCC__)<sp/>&amp;&amp;<sp/>!defined(__HIPCC__))</highlight><highlight class="normal"></highlight></codeline>
<codeline lineno="33"><highlight class="normal"></highlight></codeline>
<codeline lineno="34"><highlight class="normal"></highlight><highlight class="comment">//<sp/>If<sp/>this<sp/>is<sp/>a<sp/>C<sp/>compiler,<sp/>C++<sp/>compiler<sp/>below<sp/>C++11,<sp/>or<sp/>a<sp/>host-only<sp/>compiler,<sp/>we<sp/>only</highlight><highlight class="normal"></highlight></codeline>
<codeline lineno="35"><highlight class="normal"></highlight><highlight class="comment">//<sp/>include<sp/>a<sp/>minimal<sp/>definition<sp/>of<sp/>rocblas_bfloat16</highlight><highlight class="normal"></highlight></codeline>
<codeline lineno="36"><highlight class="normal"></highlight></codeline>
<codeline lineno="37"><highlight class="normal"></highlight><highlight class="preprocessor">#include<sp/>&lt;stdint.h&gt;</highlight></codeline>
<codeline lineno="39" refid="structrocblas__bfloat16" refkind="compound"><highlight class="keyword">typedef</highlight><highlight class="normal"><sp/></highlight><highlight class="keyword">struct</highlight><highlight class="normal"></highlight></codeline>
<codeline lineno="40"><highlight class="normal">{</highlight></codeline>
<codeline lineno="41"><highlight class="normal"><sp/><sp/><sp/><sp/>uint16_t<sp/>data;</highlight></codeline>
<codeline lineno="42"><highlight class="normal">}<sp/><ref refid="structrocblas__bfloat16" kindref="compound">rocblas_bfloat16</ref>;</highlight></codeline>
<codeline lineno="43"><highlight class="normal"></highlight></codeline>
<codeline lineno="44"><highlight class="normal"></highlight><highlight class="preprocessor">#else<sp/>//<sp/>__cplusplus<sp/>&lt;<sp/>201103L<sp/>||<sp/>(!defined(__HCC__)<sp/>&amp;&amp;<sp/>!defined(__HIPCC__))</highlight><highlight class="normal"></highlight></codeline>
<codeline lineno="45"><highlight class="normal"></highlight></codeline>
<codeline lineno="46"><highlight class="normal"></highlight><highlight class="preprocessor">#include<sp/>&lt;cmath&gt;</highlight><highlight class="normal"></highlight></codeline>
<codeline lineno="47"><highlight class="normal"></highlight><highlight class="preprocessor">#include<sp/>&lt;cstddef&gt;</highlight><highlight class="normal"></highlight></codeline>
<codeline lineno="48"><highlight class="normal"></highlight><highlight class="preprocessor">#include<sp/>&lt;cstdint&gt;</highlight><highlight class="normal"></highlight></codeline>
<codeline lineno="49"><highlight class="normal"></highlight><highlight class="preprocessor">#include<sp/>&lt;hip/hip_runtime.h&gt;</highlight><highlight class="normal"></highlight></codeline>
<codeline lineno="50"><highlight class="normal"></highlight><highlight class="preprocessor">#include<sp/>&lt;ostream&gt;</highlight><highlight class="normal"></highlight></codeline>
<codeline lineno="51"><highlight class="normal"></highlight><highlight class="preprocessor">#include<sp/>&lt;type_traits&gt;</highlight><highlight class="normal"></highlight></codeline>
<codeline lineno="52"><highlight class="normal"></highlight></codeline>
<codeline lineno="53"><highlight class="normal"></highlight><highlight class="keyword">struct<sp/></highlight><highlight class="normal">ROCBLAS_EXPORT<sp/><ref refid="structrocblas__bfloat16" kindref="compound">rocblas_bfloat16</ref></highlight></codeline>
<codeline lineno="54"><highlight class="normal">{</highlight></codeline>
<codeline lineno="55"><highlight class="normal"><sp/><sp/><sp/><sp/>uint16_t<sp/>data;</highlight></codeline>
<codeline lineno="56"><highlight class="normal"></highlight></codeline>
<codeline lineno="57"><highlight class="normal"><sp/><sp/><sp/><sp/></highlight><highlight class="keyword">enum</highlight><highlight class="normal"><sp/>truncate_t</highlight></codeline>
<codeline lineno="58"><highlight class="normal"><sp/><sp/><sp/><sp/>{</highlight></codeline>
<codeline lineno="59"><highlight class="normal"><sp/><sp/><sp/><sp/><sp/><sp/><sp/><sp/>truncate</highlight></codeline>
<codeline lineno="60"><highlight class="normal"><sp/><sp/><sp/><sp/>};</highlight></codeline>
<codeline lineno="61"><highlight class="normal"></highlight></codeline>
<codeline lineno="62"><highlight class="normal"><sp/><sp/><sp/><sp/>__host__<sp/>__device__<sp/><ref refid="structrocblas__bfloat16" kindref="compound">rocblas_bfloat16</ref>()<sp/>=<sp/></highlight><highlight class="keywordflow">default</highlight><highlight class="normal">;</highlight></codeline>
<codeline lineno="63"><highlight class="normal"></highlight></codeline>
<codeline lineno="64"><highlight class="normal"><sp/><sp/><sp/><sp/></highlight><highlight class="comment">//<sp/>round<sp/>upper<sp/>16<sp/>bits<sp/>of<sp/>IEEE<sp/>float<sp/>to<sp/>convert<sp/>to<sp/>bfloat16</highlight><highlight class="normal"></highlight></codeline>
<codeline lineno="65"><highlight class="normal"><sp/><sp/><sp/><sp/></highlight><highlight class="keyword">explicit</highlight><highlight class="normal"><sp/>__host__<sp/>__device__<sp/><ref refid="structrocblas__bfloat16" kindref="compound">rocblas_bfloat16</ref>(</highlight><highlight class="keywordtype">float</highlight><highlight class="normal"><sp/>f)</highlight></codeline>
<codeline lineno="66"><highlight class="normal"><sp/><sp/><sp/><sp/><sp/><sp/><sp/><sp/>:<sp/>data(float_to_bfloat16(f))</highlight></codeline>
<codeline lineno="67"><highlight class="normal"><sp/><sp/><sp/><sp/>{</highlight></codeline>
<codeline lineno="68"><highlight class="normal"><sp/><sp/><sp/><sp/>}</highlight></codeline>
<codeline lineno="69"><highlight class="normal"></highlight></codeline>
<codeline lineno="70"><highlight class="normal"><sp/><sp/><sp/><sp/></highlight><highlight class="keyword">explicit</highlight><highlight class="normal"><sp/>__host__<sp/>__device__<sp/><ref refid="structrocblas__bfloat16" kindref="compound">rocblas_bfloat16</ref>(</highlight><highlight class="keywordtype">float</highlight><highlight class="normal"><sp/>f,<sp/>truncate_t)</highlight></codeline>
<codeline lineno="71"><highlight class="normal"><sp/><sp/><sp/><sp/><sp/><sp/><sp/><sp/>:<sp/>data(truncate_float_to_bfloat16(f))</highlight></codeline>
<codeline lineno="72"><highlight class="normal"><sp/><sp/><sp/><sp/>{</highlight></codeline>
<codeline lineno="73"><highlight class="normal"><sp/><sp/><sp/><sp/>}</highlight></codeline>
<codeline lineno="74"><highlight class="normal"></highlight></codeline>
<codeline lineno="75"><highlight class="normal"><sp/><sp/><sp/><sp/></highlight><highlight class="comment">//<sp/>zero<sp/>extend<sp/>lower<sp/>16<sp/>bits<sp/>of<sp/>bfloat16<sp/>to<sp/>convert<sp/>to<sp/>IEEE<sp/>float</highlight><highlight class="normal"></highlight></codeline>
<codeline lineno="76"><highlight class="normal"><sp/><sp/><sp/><sp/>__host__<sp/>__device__<sp/></highlight><highlight class="keyword">operator</highlight><highlight class="normal"><sp/>float()</highlight><highlight class="keyword"><sp/>const</highlight></codeline>
<codeline lineno="77"><highlight class="keyword"><sp/><sp/><sp/><sp/></highlight><highlight class="normal">{</highlight></codeline>
<codeline lineno="78"><highlight class="normal"><sp/><sp/><sp/><sp/><sp/><sp/><sp/><sp/></highlight><highlight class="keyword">union</highlight><highlight class="normal"></highlight></codeline>
<codeline lineno="79"><highlight class="normal"><sp/><sp/><sp/><sp/><sp/><sp/><sp/><sp/>{</highlight></codeline>
<codeline lineno="80"><highlight class="normal"><sp/><sp/><sp/><sp/><sp/><sp/><sp/><sp/><sp/><sp/><sp/><sp/>uint32_t<sp/>int32;</highlight></codeline>
<codeline lineno="81"><highlight class="normal"><sp/><sp/><sp/><sp/><sp/><sp/><sp/><sp/><sp/><sp/><sp/><sp/></highlight><highlight class="keywordtype">float</highlight><highlight class="normal"><sp/><sp/><sp/><sp/>fp32;</highlight></codeline>
<codeline lineno="82"><highlight class="normal"><sp/><sp/><sp/><sp/><sp/><sp/><sp/><sp/>}<sp/>u<sp/>=<sp/>{uint32_t(data)<sp/>&lt;&lt;<sp/>16};</highlight></codeline>
<codeline lineno="83"><highlight class="normal"><sp/><sp/><sp/><sp/><sp/><sp/><sp/><sp/></highlight><highlight class="keywordflow">return</highlight><highlight class="normal"><sp/>u.fp32;</highlight></codeline>
<codeline lineno="84"><highlight class="normal"><sp/><sp/><sp/><sp/>}</highlight></codeline>
<codeline lineno="85"><highlight class="normal"></highlight></codeline>
<codeline lineno="86"><highlight class="normal"><sp/><sp/><sp/><sp/></highlight><highlight class="keyword">explicit</highlight><highlight class="normal"><sp/>__host__<sp/>__device__<sp/></highlight><highlight class="keyword">operator</highlight><highlight class="normal"><sp/>bool()</highlight><highlight class="keyword"><sp/>const</highlight></codeline>
<codeline lineno="87"><highlight class="keyword"><sp/><sp/><sp/><sp/></highlight><highlight class="normal">{</highlight></codeline>
<codeline lineno="88"><highlight class="normal"><sp/><sp/><sp/><sp/><sp/><sp/><sp/><sp/></highlight><highlight class="keywordflow">return</highlight><highlight class="normal"><sp/>data<sp/>&amp;<sp/>0x7fff;</highlight></codeline>
<codeline lineno="89"><highlight class="normal"><sp/><sp/><sp/><sp/>}</highlight></codeline>
<codeline lineno="90"><highlight class="normal"></highlight></codeline>
<codeline lineno="91"><highlight class="normal"></highlight><highlight class="keyword">private</highlight><highlight class="normal">:</highlight></codeline>
<codeline lineno="92"><highlight class="normal"><sp/><sp/><sp/><sp/></highlight><highlight class="keyword">static</highlight><highlight class="normal"><sp/>__host__<sp/>__device__<sp/>uint16_t<sp/>float_to_bfloat16(</highlight><highlight class="keywordtype">float</highlight><highlight class="normal"><sp/>f)</highlight></codeline>
<codeline lineno="93"><highlight class="normal"><sp/><sp/><sp/><sp/>{</highlight></codeline>
<codeline lineno="94"><highlight class="normal"><sp/><sp/><sp/><sp/><sp/><sp/><sp/><sp/></highlight><highlight class="keyword">union</highlight><highlight class="normal"></highlight></codeline>
<codeline lineno="95"><highlight class="normal"><sp/><sp/><sp/><sp/><sp/><sp/><sp/><sp/>{</highlight></codeline>
<codeline lineno="96"><highlight class="normal"><sp/><sp/><sp/><sp/><sp/><sp/><sp/><sp/><sp/><sp/><sp/><sp/></highlight><highlight class="keywordtype">float</highlight><highlight class="normal"><sp/><sp/><sp/><sp/>fp32;</highlight></codeline>
<codeline lineno="97"><highlight class="normal"><sp/><sp/><sp/><sp/><sp/><sp/><sp/><sp/><sp/><sp/><sp/><sp/>uint32_t<sp/>int32;</highlight></codeline>
<codeline lineno="98"><highlight class="normal"><sp/><sp/><sp/><sp/><sp/><sp/><sp/><sp/>}<sp/>u<sp/>=<sp/>{f};</highlight></codeline>
<codeline lineno="99"><highlight class="normal"><sp/><sp/><sp/><sp/><sp/><sp/><sp/><sp/></highlight><highlight class="keywordflow">if</highlight><highlight class="normal">(~u.int32<sp/>&amp;<sp/>0x7f800000)</highlight></codeline>
<codeline lineno="100"><highlight class="normal"><sp/><sp/><sp/><sp/><sp/><sp/><sp/><sp/>{</highlight></codeline>
<codeline lineno="101"><highlight class="normal"><sp/><sp/><sp/><sp/><sp/><sp/><sp/><sp/><sp/><sp/><sp/><sp/></highlight><highlight class="comment">//<sp/>When<sp/>the<sp/>exponent<sp/>bits<sp/>are<sp/>not<sp/>all<sp/>1s,<sp/>then<sp/>the<sp/>value<sp/>is<sp/>zero,<sp/>normal,</highlight><highlight class="normal"></highlight></codeline>
<codeline lineno="102"><highlight class="normal"><sp/><sp/><sp/><sp/><sp/><sp/><sp/><sp/><sp/><sp/><sp/><sp/></highlight><highlight class="comment">//<sp/>or<sp/>subnormal.<sp/>We<sp/>round<sp/>the<sp/>bfloat16<sp/>mantissa<sp/>up<sp/>by<sp/>adding<sp/>0x7FFF,<sp/>plus</highlight><highlight class="normal"></highlight></codeline>
<codeline lineno="103"><highlight class="normal"><sp/><sp/><sp/><sp/><sp/><sp/><sp/><sp/><sp/><sp/><sp/><sp/></highlight><highlight class="comment">//<sp/>1<sp/>if<sp/>the<sp/>least<sp/>significant<sp/>bit<sp/>of<sp/>the<sp/>bfloat16<sp/>mantissa<sp/>is<sp/>1<sp/>(odd).</highlight><highlight class="normal"></highlight></codeline>
<codeline lineno="104"><highlight class="normal"><sp/><sp/><sp/><sp/><sp/><sp/><sp/><sp/><sp/><sp/><sp/><sp/></highlight><highlight class="comment">//<sp/>This<sp/>causes<sp/>the<sp/>bfloat16&apos;s<sp/>mantissa<sp/>to<sp/>be<sp/>incremented<sp/>by<sp/>1<sp/>if<sp/>the<sp/>16</highlight><highlight class="normal"></highlight></codeline>
<codeline lineno="105"><highlight class="normal"><sp/><sp/><sp/><sp/><sp/><sp/><sp/><sp/><sp/><sp/><sp/><sp/></highlight><highlight class="comment">//<sp/>least<sp/>significant<sp/>bits<sp/>of<sp/>the<sp/>float<sp/>mantissa<sp/>are<sp/>greater<sp/>than<sp/>0x8000,</highlight><highlight class="normal"></highlight></codeline>
<codeline lineno="106"><highlight class="normal"><sp/><sp/><sp/><sp/><sp/><sp/><sp/><sp/><sp/><sp/><sp/><sp/></highlight><highlight class="comment">//<sp/>or<sp/>if<sp/>they<sp/>are<sp/>equal<sp/>to<sp/>0x8000<sp/>and<sp/>the<sp/>least<sp/>significant<sp/>bit<sp/>of<sp/>the</highlight><highlight class="normal"></highlight></codeline>
<codeline lineno="107"><highlight class="normal"><sp/><sp/><sp/><sp/><sp/><sp/><sp/><sp/><sp/><sp/><sp/><sp/></highlight><highlight class="comment">//<sp/>bfloat16<sp/>mantissa<sp/>is<sp/>1<sp/>(odd).<sp/>This<sp/>causes<sp/>it<sp/>to<sp/>be<sp/>rounded<sp/>to<sp/>even<sp/>when</highlight><highlight class="normal"></highlight></codeline>
<codeline lineno="108"><highlight class="normal"><sp/><sp/><sp/><sp/><sp/><sp/><sp/><sp/><sp/><sp/><sp/><sp/></highlight><highlight class="comment">//<sp/>the<sp/>lower<sp/>16<sp/>bits<sp/>are<sp/>exactly<sp/>0x8000.<sp/>If<sp/>the<sp/>bfloat16<sp/>mantissa<sp/>already</highlight><highlight class="normal"></highlight></codeline>
<codeline lineno="109"><highlight class="normal"><sp/><sp/><sp/><sp/><sp/><sp/><sp/><sp/><sp/><sp/><sp/><sp/></highlight><highlight class="comment">//<sp/>has<sp/>the<sp/>value<sp/>0x7f,<sp/>then<sp/>incrementing<sp/>it<sp/>causes<sp/>it<sp/>to<sp/>become<sp/>0x00<sp/>and</highlight><highlight class="normal"></highlight></codeline>
<codeline lineno="110"><highlight class="normal"><sp/><sp/><sp/><sp/><sp/><sp/><sp/><sp/><sp/><sp/><sp/><sp/></highlight><highlight class="comment">//<sp/>the<sp/>exponent<sp/>is<sp/>incremented<sp/>by<sp/>one,<sp/>which<sp/>is<sp/>the<sp/>next<sp/>higher<sp/>FP<sp/>value</highlight><highlight class="normal"></highlight></codeline>
<codeline lineno="111"><highlight class="normal"><sp/><sp/><sp/><sp/><sp/><sp/><sp/><sp/><sp/><sp/><sp/><sp/></highlight><highlight class="comment">//<sp/>to<sp/>the<sp/>unrounded<sp/>bfloat16<sp/>value.<sp/>When<sp/>the<sp/>bfloat16<sp/>value<sp/>is<sp/>subnormal</highlight><highlight class="normal"></highlight></codeline>
<codeline lineno="112"><highlight class="normal"><sp/><sp/><sp/><sp/><sp/><sp/><sp/><sp/><sp/><sp/><sp/><sp/></highlight><highlight class="comment">//<sp/>with<sp/>an<sp/>exponent<sp/>of<sp/>0x00<sp/>and<sp/>a<sp/>mantissa<sp/>of<sp/>0x7F,<sp/>it<sp/>may<sp/>be<sp/>rounded<sp/>up</highlight><highlight class="normal"></highlight></codeline>
<codeline lineno="113"><highlight class="normal"><sp/><sp/><sp/><sp/><sp/><sp/><sp/><sp/><sp/><sp/><sp/><sp/></highlight><highlight class="comment">//<sp/>to<sp/>a<sp/>normal<sp/>value<sp/>with<sp/>an<sp/>exponent<sp/>of<sp/>0x01<sp/>and<sp/>a<sp/>mantissa<sp/>of<sp/>0x00.</highlight><highlight class="normal"></highlight></codeline>
<codeline lineno="114"><highlight class="normal"><sp/><sp/><sp/><sp/><sp/><sp/><sp/><sp/><sp/><sp/><sp/><sp/></highlight><highlight class="comment">//<sp/>When<sp/>the<sp/>bfloat16<sp/>value<sp/>has<sp/>an<sp/>exponent<sp/>of<sp/>0xFE<sp/>and<sp/>a<sp/>mantissa<sp/>of<sp/>0x7F,</highlight><highlight class="normal"></highlight></codeline>
<codeline lineno="115"><highlight class="normal"><sp/><sp/><sp/><sp/><sp/><sp/><sp/><sp/><sp/><sp/><sp/><sp/></highlight><highlight class="comment">//<sp/>incrementing<sp/>it<sp/>causes<sp/>it<sp/>to<sp/>become<sp/>an<sp/>exponent<sp/>of<sp/>0xFF<sp/>and<sp/>a<sp/>mantissa</highlight><highlight class="normal"></highlight></codeline>
<codeline lineno="116"><highlight class="normal"><sp/><sp/><sp/><sp/><sp/><sp/><sp/><sp/><sp/><sp/><sp/><sp/></highlight><highlight class="comment">//<sp/>of<sp/>0x00,<sp/>which<sp/>is<sp/>Inf,<sp/>the<sp/>next<sp/>higher<sp/>value<sp/>to<sp/>the<sp/>unrounded<sp/>value.</highlight><highlight class="normal"></highlight></codeline>
<codeline lineno="117"><highlight class="normal"><sp/><sp/><sp/><sp/><sp/><sp/><sp/><sp/><sp/><sp/><sp/><sp/>u.int32<sp/>+=<sp/>0x7fff<sp/>+<sp/>((u.int32<sp/>&gt;&gt;<sp/>16)<sp/>&amp;<sp/>1);<sp/></highlight><highlight class="comment">//<sp/>Round<sp/>to<sp/>nearest,<sp/>round<sp/>to<sp/>even</highlight><highlight class="normal"></highlight></codeline>
<codeline lineno="118"><highlight class="normal"><sp/><sp/><sp/><sp/><sp/><sp/><sp/><sp/>}</highlight></codeline>
<codeline lineno="119"><highlight class="normal"><sp/><sp/><sp/><sp/><sp/><sp/><sp/><sp/></highlight><highlight class="keywordflow">else</highlight><highlight class="normal"><sp/></highlight><highlight class="keywordflow">if</highlight><highlight class="normal">(u.int32<sp/>&amp;<sp/>0xffff)</highlight></codeline>
<codeline lineno="120"><highlight class="normal"><sp/><sp/><sp/><sp/><sp/><sp/><sp/><sp/>{</highlight></codeline>
<codeline lineno="121"><highlight class="normal"><sp/><sp/><sp/><sp/><sp/><sp/><sp/><sp/><sp/><sp/><sp/><sp/></highlight><highlight class="comment">//<sp/>When<sp/>all<sp/>of<sp/>the<sp/>exponent<sp/>bits<sp/>are<sp/>1,<sp/>the<sp/>value<sp/>is<sp/>Inf<sp/>or<sp/>NaN.</highlight><highlight class="normal"></highlight></codeline>
<codeline lineno="122"><highlight class="normal"><sp/><sp/><sp/><sp/><sp/><sp/><sp/><sp/><sp/><sp/><sp/><sp/></highlight><highlight class="comment">//<sp/>Inf<sp/>is<sp/>indicated<sp/>by<sp/>a<sp/>zero<sp/>mantissa.<sp/>NaN<sp/>is<sp/>indicated<sp/>by<sp/>any<sp/>nonzero</highlight><highlight class="normal"></highlight></codeline>
<codeline lineno="123"><highlight class="normal"><sp/><sp/><sp/><sp/><sp/><sp/><sp/><sp/><sp/><sp/><sp/><sp/></highlight><highlight class="comment">//<sp/>mantissa<sp/>bit.<sp/>Quiet<sp/>NaN<sp/>is<sp/>indicated<sp/>by<sp/>the<sp/>most<sp/>significant<sp/>mantissa</highlight><highlight class="normal"></highlight></codeline>
<codeline lineno="124"><highlight class="normal"><sp/><sp/><sp/><sp/><sp/><sp/><sp/><sp/><sp/><sp/><sp/><sp/></highlight><highlight class="comment">//<sp/>bit<sp/>being<sp/>1.<sp/>Signaling<sp/>NaN<sp/>is<sp/>indicated<sp/>by<sp/>the<sp/>most<sp/>significant</highlight><highlight class="normal"></highlight></codeline>
<codeline lineno="125"><highlight class="normal"><sp/><sp/><sp/><sp/><sp/><sp/><sp/><sp/><sp/><sp/><sp/><sp/></highlight><highlight class="comment">//<sp/>mantissa<sp/>bit<sp/>being<sp/>0<sp/>but<sp/>some<sp/>other<sp/>bit(s)<sp/>being<sp/>1.<sp/>If<sp/>any<sp/>of<sp/>the</highlight><highlight class="normal"></highlight></codeline>
<codeline lineno="126"><highlight class="normal"><sp/><sp/><sp/><sp/><sp/><sp/><sp/><sp/><sp/><sp/><sp/><sp/></highlight><highlight class="comment">//<sp/>lower<sp/>16<sp/>bits<sp/>of<sp/>the<sp/>mantissa<sp/>are<sp/>1,<sp/>we<sp/>set<sp/>the<sp/>least<sp/>significant<sp/>bit</highlight><highlight class="normal"></highlight></codeline>
<codeline lineno="127"><highlight class="normal"><sp/><sp/><sp/><sp/><sp/><sp/><sp/><sp/><sp/><sp/><sp/><sp/></highlight><highlight class="comment">//<sp/>of<sp/>the<sp/>bfloat16<sp/>mantissa,<sp/>in<sp/>order<sp/>to<sp/>preserve<sp/>signaling<sp/>NaN<sp/>in<sp/>case</highlight><highlight class="normal"></highlight></codeline>
<codeline lineno="128"><highlight class="normal"><sp/><sp/><sp/><sp/><sp/><sp/><sp/><sp/><sp/><sp/><sp/><sp/></highlight><highlight class="comment">//<sp/>the<sp/>bloat16&apos;s<sp/>mantissa<sp/>bits<sp/>are<sp/>all<sp/>0.</highlight><highlight class="normal"></highlight></codeline>
<codeline lineno="129"><highlight class="normal"><sp/><sp/><sp/><sp/><sp/><sp/><sp/><sp/><sp/><sp/><sp/><sp/>u.int32<sp/>|=<sp/>0x10000;<sp/></highlight><highlight class="comment">//<sp/>Preserve<sp/>signaling<sp/>NaN</highlight><highlight class="normal"></highlight></codeline>
<codeline lineno="130"><highlight class="normal"><sp/><sp/><sp/><sp/><sp/><sp/><sp/><sp/>}</highlight></codeline>
<codeline lineno="131"><highlight class="normal"></highlight></codeline>
<codeline lineno="132"><highlight class="normal"><sp/><sp/><sp/><sp/><sp/><sp/><sp/><sp/></highlight><highlight class="keywordflow">return</highlight><highlight class="normal"><sp/>uint16_t(u.int32<sp/>&gt;&gt;<sp/>16);</highlight></codeline>
<codeline lineno="133"><highlight class="normal"><sp/><sp/><sp/><sp/>}</highlight></codeline>
<codeline lineno="134"><highlight class="normal"></highlight></codeline>
<codeline lineno="135"><highlight class="normal"><sp/><sp/><sp/><sp/></highlight><highlight class="comment">//<sp/>Truncate<sp/>instead<sp/>of<sp/>rounding,<sp/>preserving<sp/>SNaN</highlight><highlight class="normal"></highlight></codeline>
<codeline lineno="136"><highlight class="normal"><sp/><sp/><sp/><sp/></highlight><highlight class="keyword">static</highlight><highlight class="normal"><sp/>__host__<sp/>__device__<sp/>uint16_t<sp/>truncate_float_to_bfloat16(</highlight><highlight class="keywordtype">float</highlight><highlight class="normal"><sp/>f)</highlight></codeline>
<codeline lineno="137"><highlight class="normal"><sp/><sp/><sp/><sp/>{</highlight></codeline>
<codeline lineno="138"><highlight class="normal"><sp/><sp/><sp/><sp/><sp/><sp/><sp/><sp/></highlight><highlight class="keyword">union</highlight><highlight class="normal"></highlight></codeline>
<codeline lineno="139"><highlight class="normal"><sp/><sp/><sp/><sp/><sp/><sp/><sp/><sp/>{</highlight></codeline>
<codeline lineno="140"><highlight class="normal"><sp/><sp/><sp/><sp/><sp/><sp/><sp/><sp/><sp/><sp/><sp/><sp/></highlight><highlight class="keywordtype">float</highlight><highlight class="normal"><sp/><sp/><sp/><sp/>fp32;</highlight></codeline>
<codeline lineno="141"><highlight class="normal"><sp/><sp/><sp/><sp/><sp/><sp/><sp/><sp/><sp/><sp/><sp/><sp/>uint32_t<sp/>int32;</highlight></codeline>
<codeline lineno="142"><highlight class="normal"><sp/><sp/><sp/><sp/><sp/><sp/><sp/><sp/>}<sp/>u<sp/>=<sp/>{f};</highlight></codeline>
<codeline lineno="143"><highlight class="normal"><sp/><sp/><sp/><sp/><sp/><sp/><sp/><sp/></highlight><highlight class="keywordflow">return</highlight><highlight class="normal"><sp/>uint16_t(u.int32<sp/>&gt;&gt;<sp/>16)<sp/>|<sp/>(!(~u.int32<sp/>&amp;<sp/>0x7f800000)<sp/>&amp;&amp;<sp/>(u.int32<sp/>&amp;<sp/>0xffff));</highlight></codeline>
<codeline lineno="144"><highlight class="normal"><sp/><sp/><sp/><sp/>}</highlight></codeline>
<codeline lineno="145"><highlight class="normal">};</highlight></codeline>
<codeline lineno="146"><highlight class="normal"></highlight></codeline>
<codeline lineno="147"><highlight class="normal"></highlight><highlight class="keyword">typedef</highlight><highlight class="normal"><sp/></highlight><highlight class="keyword">struct</highlight><highlight class="normal"></highlight></codeline>
<codeline lineno="148"><highlight class="normal">{</highlight></codeline>
<codeline lineno="149"><highlight class="normal"><sp/><sp/><sp/><sp/>uint16_t<sp/>data;</highlight></codeline>
<codeline lineno="150"><highlight class="normal">}<sp/>rocblas_bfloat16_public;</highlight></codeline>
<codeline lineno="151"><highlight class="normal"></highlight></codeline>
<codeline lineno="152"><highlight class="normal">static_assert(std::is_standard_layout&lt;rocblas_bfloat16&gt;{},</highlight></codeline>
<codeline lineno="153"><highlight class="normal"><sp/><sp/><sp/><sp/><sp/><sp/><sp/><sp/><sp/><sp/><sp/><sp/><sp/><sp/></highlight><highlight class="stringliteral">&quot;rocblas_bfloat16<sp/>is<sp/>not<sp/>a<sp/>standard<sp/>layout<sp/>type,<sp/>and<sp/>thus<sp/>is<sp/>&quot;</highlight><highlight class="normal"></highlight></codeline>
<codeline lineno="154"><highlight class="normal"><sp/><sp/><sp/><sp/><sp/><sp/><sp/><sp/><sp/><sp/><sp/><sp/><sp/><sp/></highlight><highlight class="stringliteral">&quot;incompatible<sp/>with<sp/>C.&quot;</highlight><highlight class="normal">);</highlight></codeline>
<codeline lineno="155"><highlight class="normal"></highlight></codeline>
<codeline lineno="156"><highlight class="normal">static_assert(std::is_trivial&lt;rocblas_bfloat16&gt;{},</highlight></codeline>
<codeline lineno="157"><highlight class="normal"><sp/><sp/><sp/><sp/><sp/><sp/><sp/><sp/><sp/><sp/><sp/><sp/><sp/><sp/></highlight><highlight class="stringliteral">&quot;rocblas_bfloat16<sp/>is<sp/>not<sp/>a<sp/>trivial<sp/>type,<sp/>and<sp/>thus<sp/>is<sp/>&quot;</highlight><highlight class="normal"></highlight></codeline>
<codeline lineno="158"><highlight class="normal"><sp/><sp/><sp/><sp/><sp/><sp/><sp/><sp/><sp/><sp/><sp/><sp/><sp/><sp/></highlight><highlight class="stringliteral">&quot;incompatible<sp/>with<sp/>C.&quot;</highlight><highlight class="normal">);</highlight></codeline>
<codeline lineno="159"><highlight class="normal"></highlight></codeline>
<codeline lineno="160"><highlight class="normal">static_assert(</highlight><highlight class="keyword">sizeof</highlight><highlight class="normal">(<ref refid="structrocblas__bfloat16" kindref="compound">rocblas_bfloat16</ref>)<sp/>==<sp/></highlight><highlight class="keyword">sizeof</highlight><highlight class="normal">(rocblas_bfloat16_public)</highlight></codeline>
<codeline lineno="161"><highlight class="normal"><sp/><sp/><sp/><sp/><sp/><sp/><sp/><sp/><sp/><sp/><sp/><sp/><sp/><sp/><sp/><sp/><sp/><sp/>&amp;&amp;<sp/>offsetof(<ref refid="structrocblas__bfloat16" kindref="compound">rocblas_bfloat16</ref>,<sp/>data)<sp/>==<sp/>offsetof(rocblas_bfloat16_public,<sp/>data),</highlight></codeline>
<codeline lineno="162"><highlight class="normal"><sp/><sp/><sp/><sp/><sp/><sp/><sp/><sp/><sp/><sp/><sp/><sp/><sp/><sp/></highlight><highlight class="stringliteral">&quot;internal<sp/>rocblas_bfloat16<sp/>does<sp/>not<sp/>match<sp/>public<sp/>rocblas_bfloat16&quot;</highlight><highlight class="normal">);</highlight></codeline>
<codeline lineno="163"><highlight class="normal"></highlight></codeline>
<codeline lineno="164"><highlight class="normal"></highlight><highlight class="keyword">inline</highlight><highlight class="normal"><sp/>std::ostream&amp;<sp/>operator&lt;&lt;(std::ostream&amp;<sp/>os,<sp/></highlight><highlight class="keyword">const</highlight><highlight class="normal"><sp/><ref refid="structrocblas__bfloat16" kindref="compound">rocblas_bfloat16</ref>&amp;<sp/>bf16)</highlight></codeline>
<codeline lineno="165"><highlight class="normal">{</highlight></codeline>
<codeline lineno="166"><highlight class="normal"><sp/><sp/><sp/><sp/></highlight><highlight class="keywordflow">return</highlight><highlight class="normal"><sp/>os<sp/>&lt;&lt;<sp/>float(bf16);</highlight></codeline>
<codeline lineno="167"><highlight class="normal">}</highlight></codeline>
<codeline lineno="168"><highlight class="normal"></highlight><highlight class="keyword">inline</highlight><highlight class="normal"><sp/>__host__<sp/>__device__<sp/><ref refid="structrocblas__bfloat16" kindref="compound">rocblas_bfloat16</ref><sp/>operator+(<ref refid="structrocblas__bfloat16" kindref="compound">rocblas_bfloat16</ref><sp/>a)</highlight></codeline>
<codeline lineno="169"><highlight class="normal">{</highlight></codeline>
<codeline lineno="170"><highlight class="normal"><sp/><sp/><sp/><sp/></highlight><highlight class="keywordflow">return</highlight><highlight class="normal"><sp/>a;</highlight></codeline>
<codeline lineno="171"><highlight class="normal">}</highlight></codeline>
<codeline lineno="172"><highlight class="normal"></highlight><highlight class="keyword">inline</highlight><highlight class="normal"><sp/>__host__<sp/>__device__<sp/><ref refid="structrocblas__bfloat16" kindref="compound">rocblas_bfloat16</ref><sp/>operator-(<ref refid="structrocblas__bfloat16" kindref="compound">rocblas_bfloat16</ref><sp/>a)</highlight></codeline>
<codeline lineno="173"><highlight class="normal">{</highlight></codeline>
<codeline lineno="174"><highlight class="normal"><sp/><sp/><sp/><sp/>a.data<sp/>^=<sp/>0x8000;</highlight></codeline>
<codeline lineno="175"><highlight class="normal"><sp/><sp/><sp/><sp/></highlight><highlight class="keywordflow">return</highlight><highlight class="normal"><sp/>a;</highlight></codeline>
<codeline lineno="176"><highlight class="normal">}</highlight></codeline>
<codeline lineno="177"><highlight class="normal"></highlight><highlight class="keyword">inline</highlight><highlight class="normal"><sp/>__host__<sp/>__device__<sp/><ref refid="structrocblas__bfloat16" kindref="compound">rocblas_bfloat16</ref><sp/>operator+(<ref refid="structrocblas__bfloat16" kindref="compound">rocblas_bfloat16</ref><sp/>a,<sp/><ref refid="structrocblas__bfloat16" kindref="compound">rocblas_bfloat16</ref><sp/>b)</highlight></codeline>
<codeline lineno="178"><highlight class="normal">{</highlight></codeline>
<codeline lineno="179"><highlight class="normal"><sp/><sp/><sp/><sp/></highlight><highlight class="keywordflow">return</highlight><highlight class="normal"><sp/><ref refid="structrocblas__bfloat16" kindref="compound">rocblas_bfloat16</ref>(</highlight><highlight class="keywordtype">float</highlight><highlight class="normal">(a)<sp/>+<sp/></highlight><highlight class="keywordtype">float</highlight><highlight class="normal">(b));</highlight></codeline>
<codeline lineno="180"><highlight class="normal">}</highlight></codeline>
<codeline lineno="181"><highlight class="normal"></highlight><highlight class="keyword">inline</highlight><highlight class="normal"><sp/>__host__<sp/>__device__<sp/><ref refid="structrocblas__bfloat16" kindref="compound">rocblas_bfloat16</ref><sp/>operator-(<ref refid="structrocblas__bfloat16" kindref="compound">rocblas_bfloat16</ref><sp/>a,<sp/><ref refid="structrocblas__bfloat16" kindref="compound">rocblas_bfloat16</ref><sp/>b)</highlight></codeline>
<codeline lineno="182"><highlight class="normal">{</highlight></codeline>
<codeline lineno="183"><highlight class="normal"><sp/><sp/><sp/><sp/></highlight><highlight class="keywordflow">return</highlight><highlight class="normal"><sp/><ref refid="structrocblas__bfloat16" kindref="compound">rocblas_bfloat16</ref>(</highlight><highlight class="keywordtype">float</highlight><highlight class="normal">(a)<sp/>-<sp/></highlight><highlight class="keywordtype">float</highlight><highlight class="normal">(b));</highlight></codeline>
<codeline lineno="184"><highlight class="normal">}</highlight></codeline>
<codeline lineno="185"><highlight class="normal"></highlight><highlight class="keyword">inline</highlight><highlight class="normal"><sp/>__host__<sp/>__device__<sp/><ref refid="structrocblas__bfloat16" kindref="compound">rocblas_bfloat16</ref><sp/>operator*(<ref refid="structrocblas__bfloat16" kindref="compound">rocblas_bfloat16</ref><sp/>a,<sp/><ref refid="structrocblas__bfloat16" kindref="compound">rocblas_bfloat16</ref><sp/>b)</highlight></codeline>
<codeline lineno="186"><highlight class="normal">{</highlight></codeline>
<codeline lineno="187"><highlight class="normal"><sp/><sp/><sp/><sp/></highlight><highlight class="keywordflow">return</highlight><highlight class="normal"><sp/><ref refid="structrocblas__bfloat16" kindref="compound">rocblas_bfloat16</ref>(</highlight><highlight class="keywordtype">float</highlight><highlight class="normal">(a)<sp/>*<sp/></highlight><highlight class="keywordtype">float</highlight><highlight class="normal">(b));</highlight></codeline>
<codeline lineno="188"><highlight class="normal">}</highlight></codeline>
<codeline lineno="189"><highlight class="normal"></highlight><highlight class="keyword">inline</highlight><highlight class="normal"><sp/>__host__<sp/>__device__<sp/><ref refid="structrocblas__bfloat16" kindref="compound">rocblas_bfloat16</ref><sp/>operator/(<ref refid="structrocblas__bfloat16" kindref="compound">rocblas_bfloat16</ref><sp/>a,<sp/><ref refid="structrocblas__bfloat16" kindref="compound">rocblas_bfloat16</ref><sp/>b)</highlight></codeline>
<codeline lineno="190"><highlight class="normal">{</highlight></codeline>
<codeline lineno="191"><highlight class="normal"><sp/><sp/><sp/><sp/></highlight><highlight class="keywordflow">return</highlight><highlight class="normal"><sp/><ref refid="structrocblas__bfloat16" kindref="compound">rocblas_bfloat16</ref>(</highlight><highlight class="keywordtype">float</highlight><highlight class="normal">(a)<sp/>/<sp/></highlight><highlight class="keywordtype">float</highlight><highlight class="normal">(b));</highlight></codeline>
<codeline lineno="192"><highlight class="normal">}</highlight></codeline>
<codeline lineno="193"><highlight class="normal"></highlight><highlight class="keyword">inline</highlight><highlight class="normal"><sp/>__host__<sp/>__device__<sp/></highlight><highlight class="keywordtype">bool</highlight><highlight class="normal"><sp/>operator&lt;(<ref refid="structrocblas__bfloat16" kindref="compound">rocblas_bfloat16</ref><sp/>a,<sp/><ref refid="structrocblas__bfloat16" kindref="compound">rocblas_bfloat16</ref><sp/>b)</highlight></codeline>
<codeline lineno="194"><highlight class="normal">{</highlight></codeline>
<codeline lineno="195"><highlight class="normal"><sp/><sp/><sp/><sp/></highlight><highlight class="keywordflow">return</highlight><highlight class="normal"><sp/>float(a)<sp/>&lt;<sp/>float(b);</highlight></codeline>
<codeline lineno="196"><highlight class="normal">}</highlight></codeline>
<codeline lineno="197"><highlight class="normal"></highlight><highlight class="keyword">inline</highlight><highlight class="normal"><sp/>__host__<sp/>__device__<sp/></highlight><highlight class="keywordtype">bool</highlight><highlight class="normal"><sp/>operator==(<ref refid="structrocblas__bfloat16" kindref="compound">rocblas_bfloat16</ref><sp/>a,<sp/><ref refid="structrocblas__bfloat16" kindref="compound">rocblas_bfloat16</ref><sp/>b)</highlight></codeline>
<codeline lineno="198"><highlight class="normal">{</highlight></codeline>
<codeline lineno="199"><highlight class="normal"><sp/><sp/><sp/><sp/></highlight><highlight class="keywordflow">return</highlight><highlight class="normal"><sp/>float(a)<sp/>==<sp/>float(b);</highlight></codeline>
<codeline lineno="200"><highlight class="normal">}</highlight></codeline>
<codeline lineno="201"><highlight class="normal"></highlight><highlight class="keyword">inline</highlight><highlight class="normal"><sp/>__host__<sp/>__device__<sp/></highlight><highlight class="keywordtype">bool</highlight><highlight class="normal"><sp/>operator&gt;(<ref refid="structrocblas__bfloat16" kindref="compound">rocblas_bfloat16</ref><sp/>a,<sp/><ref refid="structrocblas__bfloat16" kindref="compound">rocblas_bfloat16</ref><sp/>b)</highlight></codeline>
<codeline lineno="202"><highlight class="normal">{</highlight></codeline>
<codeline lineno="203"><highlight class="normal"><sp/><sp/><sp/><sp/></highlight><highlight class="keywordflow">return</highlight><highlight class="normal"><sp/>b<sp/>&lt;<sp/>a;</highlight></codeline>
<codeline lineno="204"><highlight class="normal">}</highlight></codeline>
<codeline lineno="205"><highlight class="normal"></highlight><highlight class="keyword">inline</highlight><highlight class="normal"><sp/>__host__<sp/>__device__<sp/></highlight><highlight class="keywordtype">bool</highlight><highlight class="normal"><sp/>operator&lt;=(<ref refid="structrocblas__bfloat16" kindref="compound">rocblas_bfloat16</ref><sp/>a,<sp/><ref refid="structrocblas__bfloat16" kindref="compound">rocblas_bfloat16</ref><sp/>b)</highlight></codeline>
<codeline lineno="206"><highlight class="normal">{</highlight></codeline>
<codeline lineno="207"><highlight class="normal"><sp/><sp/><sp/><sp/></highlight><highlight class="keywordflow">return</highlight><highlight class="normal"><sp/>!(a<sp/>&gt;<sp/>b);</highlight></codeline>
<codeline lineno="208"><highlight class="normal">}</highlight></codeline>
<codeline lineno="209"><highlight class="normal"></highlight><highlight class="keyword">inline</highlight><highlight class="normal"><sp/>__host__<sp/>__device__<sp/></highlight><highlight class="keywordtype">bool</highlight><highlight class="normal"><sp/>operator!=(<ref refid="structrocblas__bfloat16" kindref="compound">rocblas_bfloat16</ref><sp/>a,<sp/><ref refid="structrocblas__bfloat16" kindref="compound">rocblas_bfloat16</ref><sp/>b)</highlight></codeline>
<codeline lineno="210"><highlight class="normal">{</highlight></codeline>
<codeline lineno="211"><highlight class="normal"><sp/><sp/><sp/><sp/></highlight><highlight class="keywordflow">return</highlight><highlight class="normal"><sp/>!(a<sp/>==<sp/>b);</highlight></codeline>
<codeline lineno="212"><highlight class="normal">}</highlight></codeline>
<codeline lineno="213"><highlight class="normal"></highlight><highlight class="keyword">inline</highlight><highlight class="normal"><sp/>__host__<sp/>__device__<sp/></highlight><highlight class="keywordtype">bool</highlight><highlight class="normal"><sp/>operator&gt;=(<ref refid="structrocblas__bfloat16" kindref="compound">rocblas_bfloat16</ref><sp/>a,<sp/><ref refid="structrocblas__bfloat16" kindref="compound">rocblas_bfloat16</ref><sp/>b)</highlight></codeline>
<codeline lineno="214"><highlight class="normal">{</highlight></codeline>
<codeline lineno="215"><highlight class="normal"><sp/><sp/><sp/><sp/></highlight><highlight class="keywordflow">return</highlight><highlight class="normal"><sp/>!(a<sp/>&lt;<sp/>b);</highlight></codeline>
<codeline lineno="216"><highlight class="normal">}</highlight></codeline>
<codeline lineno="217"><highlight class="normal"></highlight><highlight class="keyword">inline</highlight><highlight class="normal"><sp/>__host__<sp/>__device__<sp/><ref refid="structrocblas__bfloat16" kindref="compound">rocblas_bfloat16</ref>&amp;<sp/>operator+=(<ref refid="structrocblas__bfloat16" kindref="compound">rocblas_bfloat16</ref>&amp;<sp/>a,<sp/><ref refid="structrocblas__bfloat16" kindref="compound">rocblas_bfloat16</ref><sp/>b)</highlight></codeline>
<codeline lineno="218"><highlight class="normal">{</highlight></codeline>
<codeline lineno="219"><highlight class="normal"><sp/><sp/><sp/><sp/></highlight><highlight class="keywordflow">return</highlight><highlight class="normal"><sp/>a<sp/>=<sp/>a<sp/>+<sp/>b;</highlight></codeline>
<codeline lineno="220"><highlight class="normal">}</highlight></codeline>
<codeline lineno="221"><highlight class="normal"></highlight><highlight class="keyword">inline</highlight><highlight class="normal"><sp/>__host__<sp/>__device__<sp/><ref refid="structrocblas__bfloat16" kindref="compound">rocblas_bfloat16</ref>&amp;<sp/>operator-=(<ref refid="structrocblas__bfloat16" kindref="compound">rocblas_bfloat16</ref>&amp;<sp/>a,<sp/><ref refid="structrocblas__bfloat16" kindref="compound">rocblas_bfloat16</ref><sp/>b)</highlight></codeline>
<codeline lineno="222"><highlight class="normal">{</highlight></codeline>
<codeline lineno="223"><highlight class="normal"><sp/><sp/><sp/><sp/></highlight><highlight class="keywordflow">return</highlight><highlight class="normal"><sp/>a<sp/>=<sp/>a<sp/>-<sp/>b;</highlight></codeline>
<codeline lineno="224"><highlight class="normal">}</highlight></codeline>
<codeline lineno="225"><highlight class="normal"></highlight><highlight class="keyword">inline</highlight><highlight class="normal"><sp/>__host__<sp/>__device__<sp/><ref refid="structrocblas__bfloat16" kindref="compound">rocblas_bfloat16</ref>&amp;<sp/>operator*=(<ref refid="structrocblas__bfloat16" kindref="compound">rocblas_bfloat16</ref>&amp;<sp/>a,<sp/><ref refid="structrocblas__bfloat16" kindref="compound">rocblas_bfloat16</ref><sp/>b)</highlight></codeline>
<codeline lineno="226"><highlight class="normal">{</highlight></codeline>
<codeline lineno="227"><highlight class="normal"><sp/><sp/><sp/><sp/></highlight><highlight class="keywordflow">return</highlight><highlight class="normal"><sp/>a<sp/>=<sp/>a<sp/>*<sp/>b;</highlight></codeline>
<codeline lineno="228"><highlight class="normal">}</highlight></codeline>
<codeline lineno="229"><highlight class="normal"></highlight><highlight class="keyword">inline</highlight><highlight class="normal"><sp/>__host__<sp/>__device__<sp/><ref refid="structrocblas__bfloat16" kindref="compound">rocblas_bfloat16</ref>&amp;<sp/>operator/=(<ref refid="structrocblas__bfloat16" kindref="compound">rocblas_bfloat16</ref>&amp;<sp/>a,<sp/><ref refid="structrocblas__bfloat16" kindref="compound">rocblas_bfloat16</ref><sp/>b)</highlight></codeline>
<codeline lineno="230"><highlight class="normal">{</highlight></codeline>
<codeline lineno="231"><highlight class="normal"><sp/><sp/><sp/><sp/></highlight><highlight class="keywordflow">return</highlight><highlight class="normal"><sp/>a<sp/>=<sp/>a<sp/>/<sp/>b;</highlight></codeline>
<codeline lineno="232"><highlight class="normal">}</highlight></codeline>
<codeline lineno="233"><highlight class="normal"></highlight><highlight class="keyword">inline</highlight><highlight class="normal"><sp/>__host__<sp/>__device__<sp/><ref refid="structrocblas__bfloat16" kindref="compound">rocblas_bfloat16</ref>&amp;<sp/>operator++(<ref refid="structrocblas__bfloat16" kindref="compound">rocblas_bfloat16</ref>&amp;<sp/>a)</highlight></codeline>
<codeline lineno="234"><highlight class="normal">{</highlight></codeline>
<codeline lineno="235"><highlight class="normal"><sp/><sp/><sp/><sp/></highlight><highlight class="keywordflow">return</highlight><highlight class="normal"><sp/>a<sp/>+=<sp/><ref refid="structrocblas__bfloat16" kindref="compound">rocblas_bfloat16</ref>(1.0f);</highlight></codeline>
<codeline lineno="236"><highlight class="normal">}</highlight></codeline>
<codeline lineno="237"><highlight class="normal"></highlight><highlight class="keyword">inline</highlight><highlight class="normal"><sp/>__host__<sp/>__device__<sp/><ref refid="structrocblas__bfloat16" kindref="compound">rocblas_bfloat16</ref>&amp;<sp/>operator--(<ref refid="structrocblas__bfloat16" kindref="compound">rocblas_bfloat16</ref>&amp;<sp/>a)</highlight></codeline>
<codeline lineno="238"><highlight class="normal">{</highlight></codeline>
<codeline lineno="239"><highlight class="normal"><sp/><sp/><sp/><sp/></highlight><highlight class="keywordflow">return</highlight><highlight class="normal"><sp/>a<sp/>-=<sp/><ref refid="structrocblas__bfloat16" kindref="compound">rocblas_bfloat16</ref>(1.0f);</highlight></codeline>
<codeline lineno="240"><highlight class="normal">}</highlight></codeline>
<codeline lineno="241"><highlight class="normal"></highlight><highlight class="keyword">inline</highlight><highlight class="normal"><sp/>__host__<sp/>__device__<sp/><ref refid="structrocblas__bfloat16" kindref="compound">rocblas_bfloat16</ref><sp/>operator++(<ref refid="structrocblas__bfloat16" kindref="compound">rocblas_bfloat16</ref>&amp;<sp/>a,<sp/></highlight><highlight class="keywordtype">int</highlight><highlight class="normal">)</highlight></codeline>
<codeline lineno="242"><highlight class="normal">{</highlight></codeline>
<codeline lineno="243"><highlight class="normal"><sp/><sp/><sp/><sp/><ref refid="structrocblas__bfloat16" kindref="compound">rocblas_bfloat16</ref><sp/>orig<sp/>=<sp/>a;</highlight></codeline>
<codeline lineno="244"><highlight class="normal"><sp/><sp/><sp/><sp/>++a;</highlight></codeline>
<codeline lineno="245"><highlight class="normal"><sp/><sp/><sp/><sp/></highlight><highlight class="keywordflow">return</highlight><highlight class="normal"><sp/>orig;</highlight></codeline>
<codeline lineno="246"><highlight class="normal">}</highlight></codeline>
<codeline lineno="247"><highlight class="normal"></highlight><highlight class="keyword">inline</highlight><highlight class="normal"><sp/>__host__<sp/>__device__<sp/><ref refid="structrocblas__bfloat16" kindref="compound">rocblas_bfloat16</ref><sp/>operator--(<ref refid="structrocblas__bfloat16" kindref="compound">rocblas_bfloat16</ref>&amp;<sp/>a,<sp/></highlight><highlight class="keywordtype">int</highlight><highlight class="normal">)</highlight></codeline>
<codeline lineno="248"><highlight class="normal">{</highlight></codeline>
<codeline lineno="249"><highlight class="normal"><sp/><sp/><sp/><sp/><ref refid="structrocblas__bfloat16" kindref="compound">rocblas_bfloat16</ref><sp/>orig<sp/>=<sp/>a;</highlight></codeline>
<codeline lineno="250"><highlight class="normal"><sp/><sp/><sp/><sp/>--a;</highlight></codeline>
<codeline lineno="251"><highlight class="normal"><sp/><sp/><sp/><sp/></highlight><highlight class="keywordflow">return</highlight><highlight class="normal"><sp/>orig;</highlight></codeline>
<codeline lineno="252"><highlight class="normal">}</highlight></codeline>
<codeline lineno="253"><highlight class="normal"></highlight></codeline>
<codeline lineno="254"><highlight class="normal"></highlight><highlight class="keyword">namespace<sp/></highlight><highlight class="normal">std</highlight></codeline>
<codeline lineno="255"><highlight class="normal">{</highlight></codeline>
<codeline lineno="256"><highlight class="normal"><sp/><sp/><sp/><sp/>constexpr<sp/>__host__<sp/>__device__<sp/></highlight><highlight class="keywordtype">bool</highlight><highlight class="normal"><sp/>isinf(<ref refid="structrocblas__bfloat16" kindref="compound">rocblas_bfloat16</ref><sp/>a)</highlight></codeline>
<codeline lineno="257"><highlight class="normal"><sp/><sp/><sp/><sp/>{</highlight></codeline>
<codeline lineno="258"><highlight class="normal"><sp/><sp/><sp/><sp/><sp/><sp/><sp/><sp/></highlight><highlight class="keywordflow">return</highlight><highlight class="normal"><sp/>!(~a.data<sp/>&amp;<sp/>0x7f80)<sp/>&amp;&amp;<sp/>!(a.data<sp/>&amp;<sp/>0x7f);</highlight></codeline>
<codeline lineno="259"><highlight class="normal"><sp/><sp/><sp/><sp/>}</highlight></codeline>
<codeline lineno="260"><highlight class="normal"><sp/><sp/><sp/><sp/>constexpr<sp/>__host__<sp/>__device__<sp/></highlight><highlight class="keywordtype">bool</highlight><highlight class="normal"><sp/>isnan(<ref refid="structrocblas__bfloat16" kindref="compound">rocblas_bfloat16</ref><sp/>a)</highlight></codeline>
<codeline lineno="261"><highlight class="normal"><sp/><sp/><sp/><sp/>{</highlight></codeline>
<codeline lineno="262"><highlight class="normal"><sp/><sp/><sp/><sp/><sp/><sp/><sp/><sp/></highlight><highlight class="keywordflow">return</highlight><highlight class="normal"><sp/>!(~a.data<sp/>&amp;<sp/>0x7f80)<sp/>&amp;&amp;<sp/>+(a.data<sp/>&amp;<sp/>0x7f);</highlight></codeline>
<codeline lineno="263"><highlight class="normal"><sp/><sp/><sp/><sp/>}</highlight></codeline>
<codeline lineno="264"><highlight class="normal"><sp/><sp/><sp/><sp/>constexpr<sp/>__host__<sp/>__device__<sp/></highlight><highlight class="keywordtype">bool</highlight><highlight class="normal"><sp/>iszero(<ref refid="structrocblas__bfloat16" kindref="compound">rocblas_bfloat16</ref><sp/>a)</highlight></codeline>
<codeline lineno="265"><highlight class="normal"><sp/><sp/><sp/><sp/>{</highlight></codeline>
<codeline lineno="266"><highlight class="normal"><sp/><sp/><sp/><sp/><sp/><sp/><sp/><sp/></highlight><highlight class="keywordflow">return</highlight><highlight class="normal"><sp/>!(a.data<sp/>&amp;<sp/>0x7fff);</highlight></codeline>
<codeline lineno="267"><highlight class="normal"><sp/><sp/><sp/><sp/>}</highlight></codeline>
<codeline lineno="268"><highlight class="normal"><sp/><sp/><sp/><sp/></highlight><highlight class="keyword">inline</highlight><highlight class="normal"><sp/><ref refid="structrocblas__bfloat16" kindref="compound">rocblas_bfloat16</ref><sp/>sin(<ref refid="structrocblas__bfloat16" kindref="compound">rocblas_bfloat16</ref><sp/>a)</highlight></codeline>
<codeline lineno="269"><highlight class="normal"><sp/><sp/><sp/><sp/>{</highlight></codeline>
<codeline lineno="270"><highlight class="normal"><sp/><sp/><sp/><sp/><sp/><sp/><sp/><sp/></highlight><highlight class="keywordflow">return</highlight><highlight class="normal"><sp/><ref refid="structrocblas__bfloat16" kindref="compound">rocblas_bfloat16</ref>(sinf(</highlight><highlight class="keywordtype">float</highlight><highlight class="normal">(a)));</highlight></codeline>
<codeline lineno="271"><highlight class="normal"><sp/><sp/><sp/><sp/>}</highlight></codeline>
<codeline lineno="272"><highlight class="normal"><sp/><sp/><sp/><sp/></highlight><highlight class="keyword">inline</highlight><highlight class="normal"><sp/><ref refid="structrocblas__bfloat16" kindref="compound">rocblas_bfloat16</ref><sp/>cos(<ref refid="structrocblas__bfloat16" kindref="compound">rocblas_bfloat16</ref><sp/>a)</highlight></codeline>
<codeline lineno="273"><highlight class="normal"><sp/><sp/><sp/><sp/>{</highlight></codeline>
<codeline lineno="274"><highlight class="normal"><sp/><sp/><sp/><sp/><sp/><sp/><sp/><sp/></highlight><highlight class="keywordflow">return</highlight><highlight class="normal"><sp/><ref refid="structrocblas__bfloat16" kindref="compound">rocblas_bfloat16</ref>(cosf(</highlight><highlight class="keywordtype">float</highlight><highlight class="normal">(a)));</highlight></codeline>
<codeline lineno="275"><highlight class="normal"><sp/><sp/><sp/><sp/>}</highlight></codeline>
<codeline lineno="276"><highlight class="normal"><sp/><sp/><sp/><sp/>__device__<sp/>__host__<sp/>constexpr<sp/><ref refid="structrocblas__bfloat16" kindref="compound">rocblas_bfloat16</ref><sp/>real(</highlight><highlight class="keyword">const</highlight><highlight class="normal"><sp/><ref refid="structrocblas__bfloat16" kindref="compound">rocblas_bfloat16</ref>&amp;<sp/>a)</highlight></codeline>
<codeline lineno="277"><highlight class="normal"><sp/><sp/><sp/><sp/>{</highlight></codeline>
<codeline lineno="278"><highlight class="normal"><sp/><sp/><sp/><sp/><sp/><sp/><sp/><sp/></highlight><highlight class="keywordflow">return</highlight><highlight class="normal"><sp/>a;</highlight></codeline>
<codeline lineno="279"><highlight class="normal"><sp/><sp/><sp/><sp/>}</highlight></codeline>
<codeline lineno="280"><highlight class="normal">}</highlight></codeline>
<codeline lineno="281"><highlight class="normal"></highlight></codeline>
<codeline lineno="282"><highlight class="normal"></highlight><highlight class="preprocessor">#endif<sp/>//<sp/>__cplusplus<sp/>&lt;<sp/>201103L<sp/>||<sp/>(!defined(__HCC__)<sp/>&amp;&amp;<sp/>!defined(__HIPCC__))</highlight><highlight class="normal"></highlight></codeline>
<codeline lineno="283"><highlight class="normal"></highlight></codeline>
<codeline lineno="284"><highlight class="normal"></highlight><highlight class="preprocessor">#endif<sp/>//<sp/>_ROCBLAS_BFLOAT16_H_</highlight></codeline>
    </programlisting>
    <location file="/var/jenkins_home/workspace/lysis_rocBLAS-internal_develop_2/Is6XfxYHY/rocblas/library/include/internal/rocblas_bfloat16.h"/>
  </compounddef>
</doxygen>
