<?xml version='1.0' encoding='UTF-8' standalone='no'?>
<doxygen xmlns:xsi="http://www.w3.org/2001/XMLSchema-instance" xsi:noNamespaceSchemaLocation="compound.xsd" version="1.8.18">
  <compounddef id="rocblas-types_8h" kind="file" language="C++">
    <compoundname>rocblas-types.h</compoundname>
    <includes local="yes">rocblas-export.h</includes>
    <includes refid="rocblas__bfloat16_8h" local="yes">rocblas_bfloat16.h</includes>
    <includes local="no">float.h</includes>
    <includes local="no">math.h</includes>
    <includes local="no">stdbool.h</includes>
    <includes local="no">stddef.h</includes>
    <includes local="no">stdint.h</includes>
    <includes refid="rocblas-complex-types_8h" local="yes">rocblas-complex-types.h</includes>
    <includedby refid="rocblas-auxiliary_8h" local="yes">/var/jenkins_home/workspace/lysis_rocBLAS-internal_develop_2/Is6XfxYHY/rocblas/library/include/internal/rocblas-auxiliary.h</includedby>
    <includedby refid="rocblas-functions_8h" local="yes">/var/jenkins_home/workspace/lysis_rocBLAS-internal_develop_2/Is6XfxYHY/rocblas/library/include/internal/rocblas-functions.h</includedby>
    <includedby refid="rocblas_8h" local="yes">/var/jenkins_home/workspace/lysis_rocBLAS-internal_develop_2/Is6XfxYHY/rocblas/library/include/rocblas.h</includedby>
    <incdepgraph>
      <node id="7">
        <label>stdbool.h</label>
      </node>
      <node id="9">
        <label>rocblas-complex-types.h</label>
        <link refid="rocblas-complex-types_8h"/>
      </node>
      <node id="5">
        <label>float.h</label>
      </node>
      <node id="3">
        <label>rocblas_bfloat16.h</label>
        <link refid="rocblas__bfloat16_8h"/>
        <childnode refid="4" relation="include">
        </childnode>
      </node>
      <node id="4">
        <label>stdint.h</label>
      </node>
      <node id="8">
        <label>stddef.h</label>
      </node>
      <node id="2">
        <label>rocblas-export.h</label>
      </node>
      <node id="6">
        <label>math.h</label>
      </node>
      <node id="1">
        <label>/var/jenkins_home/workspace/lysis_rocBLAS-internal_develop_2/Is6XfxYHY/rocblas/library/include/internal/rocblas-types.h</label>
        <link refid="rocblas-types_8h"/>
        <childnode refid="2" relation="include">
        </childnode>
        <childnode refid="3" relation="include">
        </childnode>
        <childnode refid="5" relation="include">
        </childnode>
        <childnode refid="6" relation="include">
        </childnode>
        <childnode refid="7" relation="include">
        </childnode>
        <childnode refid="8" relation="include">
        </childnode>
        <childnode refid="4" relation="include">
        </childnode>
        <childnode refid="9" relation="include">
        </childnode>
      </node>
    </incdepgraph>
    <invincdepgraph>
      <node id="2">
        <label>/var/jenkins_home/workspace/lysis_rocBLAS-internal_develop_2/Is6XfxYHY/rocblas/library/include/internal/rocblas-auxiliary.h</label>
        <link refid="rocblas-auxiliary_8h"/>
        <childnode refid="3" relation="include">
        </childnode>
      </node>
      <node id="3">
        <label>/var/jenkins_home/workspace/lysis_rocBLAS-internal_develop_2/Is6XfxYHY/rocblas/library/include/rocblas.h</label>
        <link refid="rocblas_8h"/>
      </node>
      <node id="4">
        <label>/var/jenkins_home/workspace/lysis_rocBLAS-internal_develop_2/Is6XfxYHY/rocblas/library/include/internal/rocblas-functions.h</label>
        <link refid="rocblas-functions_8h"/>
        <childnode refid="3" relation="include">
        </childnode>
      </node>
      <node id="1">
        <label>/var/jenkins_home/workspace/lysis_rocBLAS-internal_develop_2/Is6XfxYHY/rocblas/library/include/internal/rocblas-types.h</label>
        <link refid="rocblas-types_8h"/>
        <childnode refid="2" relation="include">
        </childnode>
        <childnode refid="4" relation="include">
        </childnode>
        <childnode refid="3" relation="include">
        </childnode>
      </node>
    </invincdepgraph>
    <innerclass refid="unionrocblas__union__t" prot="public">rocblas_union_t</innerclass>
      <sectiondef kind="define">
      <memberdef kind="define" id="rocblas-types_8h_1a698251e9736d8a60166c6cacbdb1647e" prot="public" static="no">
        <name>__STDC_WANT_IEC_60559_TYPES_EXT__</name>
        <initializer>1</initializer>
        <briefdescription>
        </briefdescription>
        <detaileddescription>
        </detaileddescription>
        <inbodydescription>
        </inbodydescription>
        <location file="/var/jenkins_home/workspace/lysis_rocBLAS-internal_develop_2/Is6XfxYHY/rocblas/library/include/internal/rocblas-types.h" line="13" column="9" bodyfile="/var/jenkins_home/workspace/lysis_rocBLAS-internal_develop_2/Is6XfxYHY/rocblas/library/include/internal/rocblas-types.h" bodystart="13" bodyend="-1"/>
      </memberdef>
      <memberdef kind="define" id="rocblas-types_8h_1a28e720945d21f5b202d38034bad6f74f" prot="public" static="no">
        <name>ROCBLAS_INTERNAL_DEPRECATION</name>
        <initializer>    __attribute__((                  \
        deprecated(&quot;rocBLAS internal API may change each release. Advise against using.&quot;)))</initializer>
        <briefdescription>
        </briefdescription>
        <detaileddescription>
        </detaileddescription>
        <inbodydescription>
        </inbodydescription>
        <location file="/var/jenkins_home/workspace/lysis_rocBLAS-internal_develop_2/Is6XfxYHY/rocblas/library/include/internal/rocblas-types.h" line="24" column="9" bodyfile="/var/jenkins_home/workspace/lysis_rocBLAS-internal_develop_2/Is6XfxYHY/rocblas/library/include/internal/rocblas-types.h" bodystart="24" bodyend="-1"/>
      </memberdef>
      <memberdef kind="define" id="rocblas-types_8h_1af159ab7402bc77f33611785992e8fafa" prot="public" static="no">
        <name>ROCBLAS_INTERNAL_EXPORT</name>
        <initializer>ROCBLAS_EXPORT ROCBLAS_INTERNAL_DEPRECATION</initializer>
        <briefdescription>
        </briefdescription>
        <detaileddescription>
        </detaileddescription>
        <inbodydescription>
        </inbodydescription>
        <location file="/var/jenkins_home/workspace/lysis_rocBLAS-internal_develop_2/Is6XfxYHY/rocblas/library/include/internal/rocblas-types.h" line="31" column="9" bodyfile="/var/jenkins_home/workspace/lysis_rocBLAS-internal_develop_2/Is6XfxYHY/rocblas/library/include/internal/rocblas-types.h" bodystart="31" bodyend="-1"/>
      </memberdef>
      <memberdef kind="define" id="rocblas-types_8h_1aaa0de148aa69141fabd62d9b81eea1c9" prot="public" static="no">
        <name>ROCBLAS_INTERNAL_EXPORT_NOINLINE</name>
        <initializer>ROCBLAS_EXPORT __attribute__((noinline)) ROCBLAS_INTERNAL_DEPRECATION</initializer>
        <briefdescription>
        </briefdescription>
        <detaileddescription>
        </detaileddescription>
        <inbodydescription>
        </inbodydescription>
        <location file="/var/jenkins_home/workspace/lysis_rocBLAS-internal_develop_2/Is6XfxYHY/rocblas/library/include/internal/rocblas-types.h" line="32" column="9" bodyfile="/var/jenkins_home/workspace/lysis_rocBLAS-internal_develop_2/Is6XfxYHY/rocblas/library/include/internal/rocblas-types.h" bodystart="32" bodyend="-1"/>
      </memberdef>
      </sectiondef>
      <sectiondef kind="enum">
      <memberdef kind="enum" id="rocblas-types_8h_1a406e57f849ad42ab11264b0c74ced895" prot="public" static="no" strong="no">
        <type></type>
        <name>rocblas_operation</name>
        <enumvalue id="rocblas-types_8h_1a406e57f849ad42ab11264b0c74ced895a87416dce6b841cf6196ed3855ccfdbf6" prot="public">
          <name>rocblas_operation_none</name>
          <initializer>= 111</initializer>
          <briefdescription>
          </briefdescription>
          <detaileddescription>
<para>Operate with the matrix. </para>
          </detaileddescription>
        </enumvalue>
        <enumvalue id="rocblas-types_8h_1a406e57f849ad42ab11264b0c74ced895ae5a999f0ff23c01e64fd68541d4ebf37" prot="public">
          <name>rocblas_operation_transpose</name>
          <initializer>= 112</initializer>
          <briefdescription>
          </briefdescription>
          <detaileddescription>
<para>Operate with the transpose of the matrix. </para>
          </detaileddescription>
        </enumvalue>
        <enumvalue id="rocblas-types_8h_1a406e57f849ad42ab11264b0c74ced895a73f410519d1157786d52a53f11256254" prot="public">
          <name>rocblas_operation_conjugate_transpose</name>
          <initializer>= 113</initializer>
          <briefdescription>
          </briefdescription>
          <detaileddescription>
<para>Operate with the conjugate transpose of the matrix. </para>
          </detaileddescription>
        </enumvalue>
        <briefdescription>
<para>To specify whether int32 is used for LP64 or int64 is used for ILP64 <zwj/>/. </para>
        </briefdescription>
        <detaileddescription>
<para>typedef int32_t rocblas_int;</para>
<para>/*! Stride between matrices or vectors in strided_batched functions <zwj/>/</para>
<para>typedef int64_t rocblas_stride;</para>
<para>floating point types typedef float rocblas_float; typedef double rocblas_double;</para>
<para>typedef struct rocblas_half { uint16_t data; } rocblas_half;</para>
<para>(4.2) When rocblas API takes input <ndash/>a/b_type as i8_r, we use <ndash/>flags (0/1) to determine which TensileType (int8_t or int8x4) to be cast in order to having a way to call gemm_ex_typecasting&lt;?&gt;(), we can define a minimal definition of rocblas_int8x4, and int8 is for MI-kernel typedef struct { int8_t a, b, c, d; } rocblas_int8x4;</para>
<para>complex types</para>
<para>/* ============================================================================================</para>
<para>parameter constants. numbering is consistent with CBLAS, ACML and most standard C BLAS libraries</para>
<para>Used to specify whether the matrix is to be transposed or not. </para>
        </detaileddescription>
        <inbodydescription>
        </inbodydescription>
        <location file="/var/jenkins_home/workspace/lysis_rocBLAS-internal_develop_2/Is6XfxYHY/rocblas/library/include/internal/rocblas-types.h" line="113" column="1" bodyfile="/var/jenkins_home/workspace/lysis_rocBLAS-internal_develop_2/Is6XfxYHY/rocblas/library/include/internal/rocblas-types.h" bodystart="114" bodyend="119"/>
      </memberdef>
      <memberdef kind="enum" id="rocblas-types_8h_1a8976be447f47843d51b764bfe85bd47d" prot="public" static="no" strong="no">
        <type></type>
        <name>rocblas_fill</name>
        <enumvalue id="rocblas-types_8h_1a8976be447f47843d51b764bfe85bd47da09e61033781a1a8a9a535a56a7fc4d64" prot="public">
          <name>rocblas_fill_upper</name>
          <initializer>= 121</initializer>
          <briefdescription>
          </briefdescription>
          <detaileddescription>
<para>Upper triangle. </para>
          </detaileddescription>
        </enumvalue>
        <enumvalue id="rocblas-types_8h_1a8976be447f47843d51b764bfe85bd47da027f05347eef8c14b71a8db5936fac79" prot="public">
          <name>rocblas_fill_lower</name>
          <initializer>= 122</initializer>
          <briefdescription>
          </briefdescription>
          <detaileddescription>
<para>Lower triangle. </para>
          </detaileddescription>
        </enumvalue>
        <enumvalue id="rocblas-types_8h_1a8976be447f47843d51b764bfe85bd47da4ad060029223eaf9c64b16fb4a5ca024" prot="public">
          <name>rocblas_fill_full</name>
          <initializer>= 123</initializer>
          <briefdescription>
          </briefdescription>
          <detaileddescription>
          </detaileddescription>
        </enumvalue>
        <briefdescription>
<para>Used by the Hermitian, symmetric and triangular matrix routines to specify whether the upper or lower triangle is being referenced. </para>
        </briefdescription>
        <detaileddescription>
        </detaileddescription>
        <inbodydescription>
        </inbodydescription>
        <location file="/var/jenkins_home/workspace/lysis_rocBLAS-internal_develop_2/Is6XfxYHY/rocblas/library/include/internal/rocblas-types.h" line="124" column="1" bodyfile="/var/jenkins_home/workspace/lysis_rocBLAS-internal_develop_2/Is6XfxYHY/rocblas/library/include/internal/rocblas-types.h" bodystart="125" bodyend="129"/>
      </memberdef>
      <memberdef kind="enum" id="rocblas-types_8h_1a6f4f8189d3fb012e15f2908e61b3ba20" prot="public" static="no" strong="no">
        <type></type>
        <name>rocblas_diagonal</name>
        <enumvalue id="rocblas-types_8h_1a6f4f8189d3fb012e15f2908e61b3ba20a6323d14c246a72fd8895b964ca5bc59b" prot="public">
          <name>rocblas_diagonal_non_unit</name>
          <initializer>= 131</initializer>
          <briefdescription>
          </briefdescription>
          <detaileddescription>
<para>Non-unit triangular. </para>
          </detaileddescription>
        </enumvalue>
        <enumvalue id="rocblas-types_8h_1a6f4f8189d3fb012e15f2908e61b3ba20a7808667597ccf33cab2b679e83e6e9b1" prot="public">
          <name>rocblas_diagonal_unit</name>
          <initializer>= 132</initializer>
          <briefdescription>
          </briefdescription>
          <detaileddescription>
<para>Unit triangular. </para>
          </detaileddescription>
        </enumvalue>
        <briefdescription>
<para>It is used by the triangular matrix routines to specify whether the matrix is unit triangular. </para>
        </briefdescription>
        <detaileddescription>
        </detaileddescription>
        <inbodydescription>
        </inbodydescription>
        <location file="/var/jenkins_home/workspace/lysis_rocBLAS-internal_develop_2/Is6XfxYHY/rocblas/library/include/internal/rocblas-types.h" line="134" column="1" bodyfile="/var/jenkins_home/workspace/lysis_rocBLAS-internal_develop_2/Is6XfxYHY/rocblas/library/include/internal/rocblas-types.h" bodystart="135" bodyend="138"/>
      </memberdef>
      <memberdef kind="enum" id="rocblas-types_8h_1a503eb8c2565be541cd06a74d0ec368b7" prot="public" static="no" strong="no">
        <type></type>
        <name>rocblas_side</name>
        <enumvalue id="rocblas-types_8h_1a503eb8c2565be541cd06a74d0ec368b7a011e9fd9389d1ba4836dae3f04405559" prot="public">
          <name>rocblas_side_left</name>
          <initializer>= 141</initializer>
          <briefdescription>
          </briefdescription>
          <detaileddescription>
<para>Multiply general matrix by symmetric, Hermitian or triangular matrix on the left. </para>
          </detaileddescription>
        </enumvalue>
        <enumvalue id="rocblas-types_8h_1a503eb8c2565be541cd06a74d0ec368b7a27f2b0df534a059f16763cd7491ae211" prot="public">
          <name>rocblas_side_right</name>
          <initializer>= 142</initializer>
          <briefdescription>
          </briefdescription>
          <detaileddescription>
<para>Multiply general matrix by symmetric, Hermitian or triangular matrix on the right. </para>
          </detaileddescription>
        </enumvalue>
        <enumvalue id="rocblas-types_8h_1a503eb8c2565be541cd06a74d0ec368b7a0bd19ea74736fd1ca48140997716cc86" prot="public">
          <name>rocblas_side_both</name>
          <initializer>= 143</initializer>
          <briefdescription>
          </briefdescription>
          <detaileddescription>
          </detaileddescription>
        </enumvalue>
        <briefdescription>
<para>Indicates the side matrix A is located relative to matrix B during multiplication. </para>
        </briefdescription>
        <detaileddescription>
        </detaileddescription>
        <inbodydescription>
        </inbodydescription>
        <location file="/var/jenkins_home/workspace/lysis_rocBLAS-internal_develop_2/Is6XfxYHY/rocblas/library/include/internal/rocblas-types.h" line="141" column="1" bodyfile="/var/jenkins_home/workspace/lysis_rocBLAS-internal_develop_2/Is6XfxYHY/rocblas/library/include/internal/rocblas-types.h" bodystart="142" bodyend="148"/>
      </memberdef>
      <memberdef kind="enum" id="rocblas-types_8h_1aed94086822f2547bddc6182c25749d03" prot="public" static="no" strong="no">
        <type></type>
        <name>rocblas_status</name>
        <enumvalue id="rocblas-types_8h_1aed94086822f2547bddc6182c25749d03a608ee84b4cedbfb06ea735be874d31ff" prot="public">
          <name>rocblas_status_success</name>
          <initializer>= 0</initializer>
          <briefdescription>
          </briefdescription>
          <detaileddescription>
<para>success </para>
          </detaileddescription>
        </enumvalue>
        <enumvalue id="rocblas-types_8h_1aed94086822f2547bddc6182c25749d03ac97057fcb38a788817c1e1d54178b02f" prot="public">
          <name>rocblas_status_invalid_handle</name>
          <initializer>= 1</initializer>
          <briefdescription>
          </briefdescription>
          <detaileddescription>
<para>handle not initialized, invalid or null </para>
          </detaileddescription>
        </enumvalue>
        <enumvalue id="rocblas-types_8h_1aed94086822f2547bddc6182c25749d03a0f451e44cdbd40ecde394496e782afe3" prot="public">
          <name>rocblas_status_not_implemented</name>
          <initializer>= 2</initializer>
          <briefdescription>
          </briefdescription>
          <detaileddescription>
<para>function is not implemented </para>
          </detaileddescription>
        </enumvalue>
        <enumvalue id="rocblas-types_8h_1aed94086822f2547bddc6182c25749d03a1ec960494cc61cb33af768acdbafe76f" prot="public">
          <name>rocblas_status_invalid_pointer</name>
          <initializer>= 3</initializer>
          <briefdescription>
          </briefdescription>
          <detaileddescription>
<para>invalid pointer argument </para>
          </detaileddescription>
        </enumvalue>
        <enumvalue id="rocblas-types_8h_1aed94086822f2547bddc6182c25749d03a1425dffb65fa9881055d774c50a7d046" prot="public">
          <name>rocblas_status_invalid_size</name>
          <initializer>= 4</initializer>
          <briefdescription>
          </briefdescription>
          <detaileddescription>
<para>invalid size argument </para>
          </detaileddescription>
        </enumvalue>
        <enumvalue id="rocblas-types_8h_1aed94086822f2547bddc6182c25749d03a38e56e2febedc1b79b0dd79876f238d3" prot="public">
          <name>rocblas_status_memory_error</name>
          <initializer>= 5</initializer>
          <briefdescription>
          </briefdescription>
          <detaileddescription>
<para>failed internal memory allocation, copy or dealloc </para>
          </detaileddescription>
        </enumvalue>
        <enumvalue id="rocblas-types_8h_1aed94086822f2547bddc6182c25749d03acf76c9bb0643fb8606ed3eb4811ac8e5" prot="public">
          <name>rocblas_status_internal_error</name>
          <initializer>= 6</initializer>
          <briefdescription>
          </briefdescription>
          <detaileddescription>
<para>other internal library failure </para>
          </detaileddescription>
        </enumvalue>
        <enumvalue id="rocblas-types_8h_1aed94086822f2547bddc6182c25749d03a7d06e31f0e5839d687429cfef80c2c0d" prot="public">
          <name>rocblas_status_perf_degraded</name>
          <initializer>= 7</initializer>
          <briefdescription>
          </briefdescription>
          <detaileddescription>
<para>performance degraded due to low device memory </para>
          </detaileddescription>
        </enumvalue>
        <enumvalue id="rocblas-types_8h_1aed94086822f2547bddc6182c25749d03a86b9e2c762fc877192bff044b616c498" prot="public">
          <name>rocblas_status_size_query_mismatch</name>
          <initializer>= 8</initializer>
          <briefdescription>
          </briefdescription>
          <detaileddescription>
<para>unmatched start/stop size query </para>
          </detaileddescription>
        </enumvalue>
        <enumvalue id="rocblas-types_8h_1aed94086822f2547bddc6182c25749d03a957f07db3112444cb0b31497d4ce5254" prot="public">
          <name>rocblas_status_size_increased</name>
          <initializer>= 9</initializer>
          <briefdescription>
          </briefdescription>
          <detaileddescription>
<para>queried device memory size increased </para>
          </detaileddescription>
        </enumvalue>
        <enumvalue id="rocblas-types_8h_1aed94086822f2547bddc6182c25749d03aa2920d1b0c117d16d2efacd9c7427f3e" prot="public">
          <name>rocblas_status_size_unchanged</name>
          <initializer>= 10</initializer>
          <briefdescription>
          </briefdescription>
          <detaileddescription>
<para>queried device memory size unchanged </para>
          </detaileddescription>
        </enumvalue>
        <enumvalue id="rocblas-types_8h_1aed94086822f2547bddc6182c25749d03abd16dfc59ede5705b103f722c2c81719" prot="public">
          <name>rocblas_status_invalid_value</name>
          <initializer>= 11</initializer>
          <briefdescription>
          </briefdescription>
          <detaileddescription>
<para>passed argument not valid </para>
          </detaileddescription>
        </enumvalue>
        <enumvalue id="rocblas-types_8h_1aed94086822f2547bddc6182c25749d03a6e0e3c6afb11fc8724c02206b6ec0ab4" prot="public">
          <name>rocblas_status_continue</name>
          <initializer>= 12</initializer>
          <briefdescription>
          </briefdescription>
          <detaileddescription>
<para>nothing preventing function to proceed </para>
          </detaileddescription>
        </enumvalue>
        <enumvalue id="rocblas-types_8h_1aed94086822f2547bddc6182c25749d03a7ea70e0df31206cbfc57deb44c992fd7" prot="public">
          <name>rocblas_status_check_numerics_fail</name>
          <initializer>= 13</initializer>
          <briefdescription>
          </briefdescription>
          <detaileddescription>
<para>will be set if the vector/matrix has a NaN or an Infinity </para>
          </detaileddescription>
        </enumvalue>
        <briefdescription>
<para>rocblas status codes definition </para>
        </briefdescription>
        <detaileddescription>
        </detaileddescription>
        <inbodydescription>
        </inbodydescription>
        <location file="/var/jenkins_home/workspace/lysis_rocBLAS-internal_develop_2/Is6XfxYHY/rocblas/library/include/internal/rocblas-types.h" line="154" column="1" bodyfile="/var/jenkins_home/workspace/lysis_rocBLAS-internal_develop_2/Is6XfxYHY/rocblas/library/include/internal/rocblas-types.h" bodystart="155" bodyend="171"/>
      </memberdef>
      <memberdef kind="enum" id="rocblas-types_8h_1a36f48cb8bd52842d9435876077ecc9f8" prot="public" static="no" strong="no">
        <type></type>
        <name>rocblas_datatype</name>
        <enumvalue id="rocblas-types_8h_1a36f48cb8bd52842d9435876077ecc9f8a12d27692cdbe833501ef32abb1257e64" prot="public">
          <name>rocblas_datatype_f16_r</name>
          <initializer>= 150</initializer>
          <briefdescription>
          </briefdescription>
          <detaileddescription>
<para>16 bit floating point, real </para>
          </detaileddescription>
        </enumvalue>
        <enumvalue id="rocblas-types_8h_1a36f48cb8bd52842d9435876077ecc9f8a4c4e3d8d48d14761a0d21a261c1f3a7c" prot="public">
          <name>rocblas_datatype_f32_r</name>
          <initializer>= 151</initializer>
          <briefdescription>
          </briefdescription>
          <detaileddescription>
<para>32 bit floating point, real </para>
          </detaileddescription>
        </enumvalue>
        <enumvalue id="rocblas-types_8h_1a36f48cb8bd52842d9435876077ecc9f8a666da21be840652847a7e334eeff6fdc" prot="public">
          <name>rocblas_datatype_f64_r</name>
          <initializer>= 152</initializer>
          <briefdescription>
          </briefdescription>
          <detaileddescription>
<para>64 bit floating point, real </para>
          </detaileddescription>
        </enumvalue>
        <enumvalue id="rocblas-types_8h_1a36f48cb8bd52842d9435876077ecc9f8abd26f31a7a02e9d42e7737bce32ee650" prot="public">
          <name>rocblas_datatype_f16_c</name>
          <initializer>= 153</initializer>
          <briefdescription>
          </briefdescription>
          <detaileddescription>
<para>16 bit floating point, complex </para>
          </detaileddescription>
        </enumvalue>
        <enumvalue id="rocblas-types_8h_1a36f48cb8bd52842d9435876077ecc9f8a55db880fd519219a8784899b84730d73" prot="public">
          <name>rocblas_datatype_f32_c</name>
          <initializer>= 154</initializer>
          <briefdescription>
          </briefdescription>
          <detaileddescription>
<para>32 bit floating point, complex </para>
          </detaileddescription>
        </enumvalue>
        <enumvalue id="rocblas-types_8h_1a36f48cb8bd52842d9435876077ecc9f8a7ab164b885068511563ddf8ca8b41735" prot="public">
          <name>rocblas_datatype_f64_c</name>
          <initializer>= 155</initializer>
          <briefdescription>
          </briefdescription>
          <detaileddescription>
<para>64 bit floating point, complex </para>
          </detaileddescription>
        </enumvalue>
        <enumvalue id="rocblas-types_8h_1a36f48cb8bd52842d9435876077ecc9f8a0fcdccf8e7501e6f0dc033fdddea8d64" prot="public">
          <name>rocblas_datatype_i8_r</name>
          <initializer>= 160</initializer>
          <briefdescription>
          </briefdescription>
          <detaileddescription>
<para>8 bit signed integer, real </para>
          </detaileddescription>
        </enumvalue>
        <enumvalue id="rocblas-types_8h_1a36f48cb8bd52842d9435876077ecc9f8a34e00272d0d93838dbb64acacbfb2370" prot="public">
          <name>rocblas_datatype_u8_r</name>
          <initializer>= 161</initializer>
          <briefdescription>
          </briefdescription>
          <detaileddescription>
<para>8 bit unsigned integer, real </para>
          </detaileddescription>
        </enumvalue>
        <enumvalue id="rocblas-types_8h_1a36f48cb8bd52842d9435876077ecc9f8a6b7d5cd8a48cd8347536bbca09d5b112" prot="public">
          <name>rocblas_datatype_i32_r</name>
          <initializer>= 162</initializer>
          <briefdescription>
          </briefdescription>
          <detaileddescription>
<para>32 bit signed integer, real </para>
          </detaileddescription>
        </enumvalue>
        <enumvalue id="rocblas-types_8h_1a36f48cb8bd52842d9435876077ecc9f8ab4078bd4cb7562d82b37760a22a2f18c" prot="public">
          <name>rocblas_datatype_u32_r</name>
          <initializer>= 163</initializer>
          <briefdescription>
          </briefdescription>
          <detaileddescription>
<para>32 bit unsigned integer, real </para>
          </detaileddescription>
        </enumvalue>
        <enumvalue id="rocblas-types_8h_1a36f48cb8bd52842d9435876077ecc9f8aa4796f33078bdf0841363a46671a2ac7" prot="public">
          <name>rocblas_datatype_i8_c</name>
          <initializer>= 164</initializer>
          <briefdescription>
          </briefdescription>
          <detaileddescription>
<para>8 bit signed integer, complex </para>
          </detaileddescription>
        </enumvalue>
        <enumvalue id="rocblas-types_8h_1a36f48cb8bd52842d9435876077ecc9f8a46de61e7cfc95192d8a617fbf7336922" prot="public">
          <name>rocblas_datatype_u8_c</name>
          <initializer>= 165</initializer>
          <briefdescription>
          </briefdescription>
          <detaileddescription>
<para>8 bit unsigned integer, complex </para>
          </detaileddescription>
        </enumvalue>
        <enumvalue id="rocblas-types_8h_1a36f48cb8bd52842d9435876077ecc9f8a2287d18bc0d2cf0900917b44335026a6" prot="public">
          <name>rocblas_datatype_i32_c</name>
          <initializer>= 166</initializer>
          <briefdescription>
          </briefdescription>
          <detaileddescription>
<para>32 bit signed integer, complex </para>
          </detaileddescription>
        </enumvalue>
        <enumvalue id="rocblas-types_8h_1a36f48cb8bd52842d9435876077ecc9f8a94fbbeae672f375e512033ff829cda2d" prot="public">
          <name>rocblas_datatype_u32_c</name>
          <initializer>= 167</initializer>
          <briefdescription>
          </briefdescription>
          <detaileddescription>
<para>32 bit unsigned integer, complex </para>
          </detaileddescription>
        </enumvalue>
        <enumvalue id="rocblas-types_8h_1a36f48cb8bd52842d9435876077ecc9f8af9d568d7cb2f1a896c3c58807d5a09dc" prot="public">
          <name>rocblas_datatype_bf16_r</name>
          <initializer>= 168</initializer>
          <briefdescription>
          </briefdescription>
          <detaileddescription>
<para>16 bit bfloat, real </para>
          </detaileddescription>
        </enumvalue>
        <enumvalue id="rocblas-types_8h_1a36f48cb8bd52842d9435876077ecc9f8a756f99633fcfdfb3750e305dc25dae95" prot="public">
          <name>rocblas_datatype_bf16_c</name>
          <initializer>= 169</initializer>
          <briefdescription>
          </briefdescription>
          <detaileddescription>
<para>16 bit bfloat, complex </para>
          </detaileddescription>
        </enumvalue>
        <briefdescription>
<para>Indicates the precision width of data stored in a blas type. </para>
        </briefdescription>
        <detaileddescription>
        </detaileddescription>
        <inbodydescription>
        </inbodydescription>
        <location file="/var/jenkins_home/workspace/lysis_rocBLAS-internal_develop_2/Is6XfxYHY/rocblas/library/include/internal/rocblas-types.h" line="174" column="1" bodyfile="/var/jenkins_home/workspace/lysis_rocBLAS-internal_develop_2/Is6XfxYHY/rocblas/library/include/internal/rocblas-types.h" bodystart="175" bodyend="192"/>
      </memberdef>
      <memberdef kind="enum" id="rocblas-types_8h_1ae9ca87273410f7097508a983d386cba4" prot="public" static="no" strong="no">
        <type></type>
        <name>rocblas_pointer_mode</name>
        <enumvalue id="rocblas-types_8h_1ae9ca87273410f7097508a983d386cba4a2f0390419a13907b4a2e521b77c3c5cb" prot="public">
          <name>rocblas_pointer_mode_host</name>
          <initializer>= 0</initializer>
          <briefdescription>
<para>Scalar values affected by this variable will be located on the host. </para>
          </briefdescription>
          <detaileddescription>
          </detaileddescription>
        </enumvalue>
        <enumvalue id="rocblas-types_8h_1ae9ca87273410f7097508a983d386cba4a5db06f37b38bdf2972a16f2869644d60" prot="public">
          <name>rocblas_pointer_mode_device</name>
          <initializer>= 1</initializer>
          <briefdescription>
<para>Scalar values affected by this variable will be located on the device. </para>
          </briefdescription>
          <detaileddescription>
          </detaileddescription>
        </enumvalue>
        <briefdescription>
<para>Indicates if scalar pointers are on host or device. This is used for scalars alpha and beta and for scalar function return values. </para>
        </briefdescription>
        <detaileddescription>
        </detaileddescription>
        <inbodydescription>
        </inbodydescription>
        <location file="/var/jenkins_home/workspace/lysis_rocBLAS-internal_develop_2/Is6XfxYHY/rocblas/library/include/internal/rocblas-types.h" line="196" column="1" bodyfile="/var/jenkins_home/workspace/lysis_rocBLAS-internal_develop_2/Is6XfxYHY/rocblas/library/include/internal/rocblas-types.h" bodystart="197" bodyend="202"/>
      </memberdef>
      <memberdef kind="enum" id="rocblas-types_8h_1ae74ff2cc015e9f1eadf469084947ab02" prot="public" static="no" strong="no">
        <type></type>
        <name>rocblas_atomics_mode</name>
        <enumvalue id="rocblas-types_8h_1ae74ff2cc015e9f1eadf469084947ab02a312b4582bca3f3a49371c8a66b22eef6" prot="public">
          <name>rocblas_atomics_not_allowed</name>
          <initializer>= 0</initializer>
          <briefdescription>
<para>Algorithms will refrain from atomics where applicable. </para>
          </briefdescription>
          <detaileddescription>
          </detaileddescription>
        </enumvalue>
        <enumvalue id="rocblas-types_8h_1ae74ff2cc015e9f1eadf469084947ab02a0e3e9f45493155937a9d2b10bbd7eab7" prot="public">
          <name>rocblas_atomics_allowed</name>
          <initializer>= 1</initializer>
          <briefdescription>
<para>Algorithms will take advantage of atomics where applicable. </para>
          </briefdescription>
          <detaileddescription>
          </detaileddescription>
        </enumvalue>
        <briefdescription>
<para>Indicates if atomics operations are allowed. Not allowing atomic operations may generally improve determinism and repeatability of results at a cost of performance. </para>
        </briefdescription>
        <detaileddescription>
        </detaileddescription>
        <inbodydescription>
        </inbodydescription>
        <location file="/var/jenkins_home/workspace/lysis_rocBLAS-internal_develop_2/Is6XfxYHY/rocblas/library/include/internal/rocblas-types.h" line="206" column="1" bodyfile="/var/jenkins_home/workspace/lysis_rocBLAS-internal_develop_2/Is6XfxYHY/rocblas/library/include/internal/rocblas-types.h" bodystart="207" bodyend="212"/>
      </memberdef>
      <memberdef kind="enum" id="rocblas-types_8h_1ad84e70795b28c9152edd9d71dff38206" prot="public" static="no" strong="no">
        <type></type>
        <name>rocblas_performance_metric</name>
        <enumvalue id="rocblas-types_8h_1ad84e70795b28c9152edd9d71dff38206a68520585acf3e61312b23a00b30c62ac" prot="public">
          <name>rocblas_default_performance_metric</name>
          <initializer>= 0</initializer>
          <briefdescription>
<para>Use Tensile&apos;s default performance metric for solution selection. </para>
          </briefdescription>
          <detaileddescription>
          </detaileddescription>
        </enumvalue>
        <enumvalue id="rocblas-types_8h_1ad84e70795b28c9152edd9d71dff38206a61b0dcdce66f62eb481b9c4b6fbb5571" prot="public">
          <name>rocblas_device_efficiency_performance_metric</name>
          <initializer>= 1</initializer>
          <briefdescription>
<para>Select the solution with the highest GFlops across all compute units. </para>
          </briefdescription>
          <detaileddescription>
          </detaileddescription>
        </enumvalue>
        <enumvalue id="rocblas-types_8h_1ad84e70795b28c9152edd9d71dff38206a331a1b9f87601f8d7f75f47a13602f96" prot="public">
          <name>rocblas_cu_efficiency_performance_metric</name>
          <initializer>= 2</initializer>
          <briefdescription>
<para>Select the solution with the highest GFlops per compute unit it uses. This may be useful when running multiple small gemm problems simultaneously <linebreak/>
 </para>
          </briefdescription>
          <detaileddescription>
          </detaileddescription>
        </enumvalue>
        <briefdescription>
<para>Indicates which performance metric Tensile uses when selecting the optimal solution for gemm problems. <linebreak/>
 </para>
        </briefdescription>
        <detaileddescription>
        </detaileddescription>
        <inbodydescription>
        </inbodydescription>
        <location file="/var/jenkins_home/workspace/lysis_rocBLAS-internal_develop_2/Is6XfxYHY/rocblas/library/include/internal/rocblas-types.h" line="216" column="1" bodyfile="/var/jenkins_home/workspace/lysis_rocBLAS-internal_develop_2/Is6XfxYHY/rocblas/library/include/internal/rocblas-types.h" bodystart="217" bodyend="225"/>
      </memberdef>
      <memberdef kind="enum" id="rocblas-types_8h_1a2617e51a61393315715c11035c662fa8" prot="public" static="no" strong="no">
        <type></type>
        <name>rocblas_layer_mode</name>
        <enumvalue id="rocblas-types_8h_1a2617e51a61393315715c11035c662fa8a09b57b666f29f4179dabb51ed4f614d8" prot="public">
          <name>rocblas_layer_mode_none</name>
          <initializer>= 0x0</initializer>
          <briefdescription>
<para>No logging will take place. </para>
          </briefdescription>
          <detaileddescription>
          </detaileddescription>
        </enumvalue>
        <enumvalue id="rocblas-types_8h_1a2617e51a61393315715c11035c662fa8a81b6271b673851efca20321f0f04a36d" prot="public">
          <name>rocblas_layer_mode_log_trace</name>
          <initializer>= 0x1</initializer>
          <briefdescription>
<para>A line containing the function name and value of arguments passed will be printed with each rocBLAS function call. </para>
          </briefdescription>
          <detaileddescription>
          </detaileddescription>
        </enumvalue>
        <enumvalue id="rocblas-types_8h_1a2617e51a61393315715c11035c662fa8a214de05732d798bdd585bf1db739b3b0" prot="public">
          <name>rocblas_layer_mode_log_bench</name>
          <initializer>= 0x2</initializer>
          <briefdescription>
<para>Outputs a line each time a rocBLAS function is called, this line can be used with rocblas-bench to make the same call again. </para>
          </briefdescription>
          <detaileddescription>
          </detaileddescription>
        </enumvalue>
        <enumvalue id="rocblas-types_8h_1a2617e51a61393315715c11035c662fa8a4c69ed989c4cda6f8d292b210ce09f38" prot="public">
          <name>rocblas_layer_mode_log_profile</name>
          <initializer>= 0x4</initializer>
          <briefdescription>
<para>Outputs a YAML description of each rocBLAS function called, along with its arguments and number of times it was called. </para>
          </briefdescription>
          <detaileddescription>
          </detaileddescription>
        </enumvalue>
        <briefdescription>
<para>Indicates if layer is active with bitmask. </para>
        </briefdescription>
        <detaileddescription>
        </detaileddescription>
        <inbodydescription>
        </inbodydescription>
        <location file="/var/jenkins_home/workspace/lysis_rocBLAS-internal_develop_2/Is6XfxYHY/rocblas/library/include/internal/rocblas-types.h" line="228" column="1" bodyfile="/var/jenkins_home/workspace/lysis_rocBLAS-internal_develop_2/Is6XfxYHY/rocblas/library/include/internal/rocblas-types.h" bodystart="229" bodyend="238"/>
      </memberdef>
      <memberdef kind="enum" id="rocblas-types_8h_1a6d33ce1b1bdbd9539d6dec958801149b" prot="public" static="no" strong="no">
        <type></type>
        <name>rocblas_gemm_algo</name>
        <enumvalue id="rocblas-types_8h_1a6d33ce1b1bdbd9539d6dec958801149bad59ebc40878401bfba93676e9c73ac22" prot="public">
          <name>rocblas_gemm_algo_standard</name>
          <initializer>= 0x0</initializer>
          <briefdescription>
          </briefdescription>
          <detaileddescription>
          </detaileddescription>
        </enumvalue>
        <briefdescription>
<para>Indicates if layer is active with bitmask. </para>
        </briefdescription>
        <detaileddescription>
        </detaileddescription>
        <inbodydescription>
        </inbodydescription>
        <location file="/var/jenkins_home/workspace/lysis_rocBLAS-internal_develop_2/Is6XfxYHY/rocblas/library/include/internal/rocblas-types.h" line="241" column="1" bodyfile="/var/jenkins_home/workspace/lysis_rocBLAS-internal_develop_2/Is6XfxYHY/rocblas/library/include/internal/rocblas-types.h" bodystart="242" bodyend="244"/>
      </memberdef>
      <memberdef kind="enum" id="rocblas-types_8h_1a7c46da5a77c23dc7a59c4aaaf8e66350" prot="public" static="no" strong="no">
        <type></type>
        <name>rocblas_gemm_flags</name>
        <enumvalue id="rocblas-types_8h_1a7c46da5a77c23dc7a59c4aaaf8e66350a87867eeee1756e2a69364180e5783605" prot="public">
          <name>rocblas_gemm_flags_none</name>
          <initializer>= 0x0</initializer>
          <briefdescription>
<para>Default empty flags. </para>
          </briefdescription>
          <detaileddescription>
          </detaileddescription>
        </enumvalue>
        <enumvalue id="rocblas-types_8h_1a7c46da5a77c23dc7a59c4aaaf8e66350a59ad4b019b9f67bfd5c7670ecc290c5c" prot="public">
          <name>rocblas_gemm_flags_pack_int8x4</name>
          <initializer>= 0x1</initializer>
          <briefdescription>
<para>Before ROCm 4.2, this flags is not implemented and rocblas uses packed-Int8x4 by default. After ROCm 4.2, set flag is neccesary if we want packed-Int8x4. Default (0x0) uses unpacked and is for gfx908 GPUs only. </para>
          </briefdescription>
          <detaileddescription>
          </detaileddescription>
        </enumvalue>
        <enumvalue id="rocblas-types_8h_1a7c46da5a77c23dc7a59c4aaaf8e66350a44ac52de32af0430148a784bf5b99bb3" prot="public">
          <name>rocblas_gemm_flags_use_cu_efficiency</name>
          <initializer>= 0x2</initializer>
          <briefdescription>
<para>Select the gemm problem with the highest efficiency per compute unit used. Useful for running multiple smaller problems simultaneously. This takes precedence over the performance metric set in rocblas_handle and currently only works for gemm_*_ex problems. </para>
          </briefdescription>
          <detaileddescription>
          </detaileddescription>
        </enumvalue>
        <briefdescription>
<para>Control flags passed into gemm algorithms invoked by Tensile Host. </para>
        </briefdescription>
        <detaileddescription>
        </detaileddescription>
        <inbodydescription>
        </inbodydescription>
        <location file="/var/jenkins_home/workspace/lysis_rocBLAS-internal_develop_2/Is6XfxYHY/rocblas/library/include/internal/rocblas-types.h" line="247" column="1" bodyfile="/var/jenkins_home/workspace/lysis_rocBLAS-internal_develop_2/Is6XfxYHY/rocblas/library/include/internal/rocblas-types.h" bodystart="248" bodyend="258"/>
      </memberdef>
      <memberdef kind="enum" id="rocblas-types_8h_1ae7b59d240c7305e16db7399f160e8062" prot="public" static="no" strong="no">
        <type></type>
        <name>rocblas_check_numerics_mode</name>
        <enumvalue id="rocblas-types_8h_1ae7b59d240c7305e16db7399f160e8062ac57698f15ff8d8021766b278c53ff664" prot="public">
          <name>rocblas_check_numerics_mode_no_check</name>
          <initializer>= 0x0</initializer>
          <briefdescription>
          </briefdescription>
          <detaileddescription>
          </detaileddescription>
        </enumvalue>
        <enumvalue id="rocblas-types_8h_1ae7b59d240c7305e16db7399f160e8062aca7b27d3c701c2418e6215044d4076e2" prot="public">
          <name>rocblas_check_numerics_mode_info</name>
          <initializer>= 0x1</initializer>
          <briefdescription>
          </briefdescription>
          <detaileddescription>
          </detaileddescription>
        </enumvalue>
        <enumvalue id="rocblas-types_8h_1ae7b59d240c7305e16db7399f160e8062aafa88fe83889ffc7c411aa9dbbc2d13d" prot="public">
          <name>rocblas_check_numerics_mode_warn</name>
          <initializer>= 0x2</initializer>
          <briefdescription>
          </briefdescription>
          <detaileddescription>
          </detaileddescription>
        </enumvalue>
        <enumvalue id="rocblas-types_8h_1ae7b59d240c7305e16db7399f160e8062aed0f1eeb47660b3bd809910148e6f302" prot="public">
          <name>rocblas_check_numerics_mode_fail</name>
          <initializer>= 0x4</initializer>
          <briefdescription>
          </briefdescription>
          <detaileddescription>
          </detaileddescription>
        </enumvalue>
        <briefdescription>
        </briefdescription>
        <detaileddescription>
        </detaileddescription>
        <inbodydescription>
        </inbodydescription>
        <location file="/var/jenkins_home/workspace/lysis_rocBLAS-internal_develop_2/Is6XfxYHY/rocblas/library/include/internal/rocblas-types.h" line="274" column="1" bodyfile="/var/jenkins_home/workspace/lysis_rocBLAS-internal_develop_2/Is6XfxYHY/rocblas/library/include/internal/rocblas-types.h" bodystart="275" bodyend="288"/>
      </memberdef>
      </sectiondef>
      <sectiondef kind="typedef">
      <memberdef kind="typedef" id="rocblas-types_8h_1a8a4de42139e6ee8ac0ffb496ab43640f" prot="public" static="no">
        <type>struct _rocblas_handle *</type>
        <definition>typedef struct _rocblas_handle* rocblas_handle</definition>
        <argsstring></argsstring>
        <name>rocblas_handle</name>
        <briefdescription>
<para>rocblas_handle is a structure holding the rocblas library context. It must be initialized using <ref refid="rocblas-auxiliary_8h_1ab158b3ae4dfecd4e151cb122697aae64" kindref="member">rocblas_create_handle()</ref> and the returned handle must be passed to all subsequent library function calls. It should be destroyed at the end using <ref refid="rocblas-auxiliary_8h_1a770a77925623df894aae6a89f2736cfb" kindref="member">rocblas_destroy_handle()</ref>. </para>
        </briefdescription>
        <detaileddescription>
        </detaileddescription>
        <inbodydescription>
        </inbodydescription>
        <location file="/var/jenkins_home/workspace/lysis_rocBLAS-internal_develop_2/Is6XfxYHY/rocblas/library/include/internal/rocblas-types.h" line="41" column="31" bodyfile="/var/jenkins_home/workspace/lysis_rocBLAS-internal_develop_2/Is6XfxYHY/rocblas/library/include/internal/rocblas-types.h" bodystart="41" bodyend="-1"/>
      </memberdef>
      <memberdef kind="typedef" id="rocblas-types_8h_1a0fc4326b345ac109cb72b90a22a1cb29" prot="public" static="no">
        <type>struct ihipStream_t *</type>
        <definition>typedef struct ihipStream_t* hipStream_t</definition>
        <argsstring></argsstring>
        <name>hipStream_t</name>
        <briefdescription>
        </briefdescription>
        <detaileddescription>
        </detaileddescription>
        <inbodydescription>
        </inbodydescription>
        <location file="/var/jenkins_home/workspace/lysis_rocBLAS-internal_develop_2/Is6XfxYHY/rocblas/library/include/internal/rocblas-types.h" line="44" column="28" bodyfile="/var/jenkins_home/workspace/lysis_rocBLAS-internal_develop_2/Is6XfxYHY/rocblas/library/include/internal/rocblas-types.h" bodystart="44" bodyend="-1"/>
      </memberdef>
      <memberdef kind="typedef" id="rocblas-types_8h_1a3640952e23c028a87a7db564443948ea" prot="public" static="no">
        <type>struct ihipEvent_t *</type>
        <definition>typedef struct ihipEvent_t* hipEvent_t</definition>
        <argsstring></argsstring>
        <name>hipEvent_t</name>
        <briefdescription>
        </briefdescription>
        <detaileddescription>
        </detaileddescription>
        <inbodydescription>
        </inbodydescription>
        <location file="/var/jenkins_home/workspace/lysis_rocBLAS-internal_develop_2/Is6XfxYHY/rocblas/library/include/internal/rocblas-types.h" line="47" column="27" bodyfile="/var/jenkins_home/workspace/lysis_rocBLAS-internal_develop_2/Is6XfxYHY/rocblas/library/include/internal/rocblas-types.h" bodystart="47" bodyend="-1"/>
      </memberdef>
      </sectiondef>
    <briefdescription>
<para><ref refid="rocblas-types_8h" kindref="compound">rocblas-types.h</ref> defines data types used by rocblas </para>
    </briefdescription>
    <detaileddescription>
    </detaileddescription>
    <programlisting>
<codeline lineno="1"><highlight class="comment">/*<sp/>************************************************************************</highlight></codeline>
<codeline lineno="2"><highlight class="comment"><sp/>*<sp/>Copyright<sp/>2016-2021<sp/>Advanced<sp/>Micro<sp/>Devices,<sp/>Inc.</highlight></codeline>
<codeline lineno="3"><highlight class="comment"><sp/>*<sp/>************************************************************************<sp/>*/</highlight><highlight class="normal"></highlight></codeline>
<codeline lineno="4"><highlight class="normal"></highlight></codeline>
<codeline lineno="9"><highlight class="preprocessor">#ifndef<sp/>_ROCBLAS_TYPES_H_</highlight><highlight class="normal"></highlight></codeline>
<codeline lineno="10"><highlight class="normal"></highlight><highlight class="preprocessor">#define<sp/>_ROCBLAS_TYPES_H_</highlight><highlight class="normal"></highlight></codeline>
<codeline lineno="11"><highlight class="normal"></highlight></codeline>
<codeline lineno="12"><highlight class="normal"></highlight><highlight class="comment">//<sp/>Request<sp/>_Float16<sp/>type<sp/>extension</highlight><highlight class="normal"></highlight></codeline>
<codeline lineno="13"><highlight class="normal"></highlight><highlight class="preprocessor">#define<sp/>__STDC_WANT_IEC_60559_TYPES_EXT__<sp/>1</highlight><highlight class="normal"></highlight></codeline>
<codeline lineno="14"><highlight class="normal"></highlight></codeline>
<codeline lineno="15"><highlight class="normal"></highlight><highlight class="preprocessor">#include<sp/>&quot;rocblas-export.h&quot;</highlight><highlight class="normal"></highlight></codeline>
<codeline lineno="16"><highlight class="normal"></highlight><highlight class="preprocessor">#include<sp/>&quot;<ref refid="rocblas__bfloat16_8h" kindref="compound">rocblas_bfloat16.h</ref>&quot;</highlight><highlight class="normal"></highlight></codeline>
<codeline lineno="17"><highlight class="normal"></highlight><highlight class="preprocessor">#include<sp/>&lt;float.h&gt;</highlight><highlight class="normal"></highlight></codeline>
<codeline lineno="18"><highlight class="normal"></highlight><highlight class="preprocessor">#include<sp/>&lt;math.h&gt;</highlight><highlight class="normal"></highlight></codeline>
<codeline lineno="19"><highlight class="normal"></highlight><highlight class="preprocessor">#include<sp/>&lt;stdbool.h&gt;</highlight><highlight class="normal"></highlight></codeline>
<codeline lineno="20"><highlight class="normal"></highlight><highlight class="preprocessor">#include<sp/>&lt;stddef.h&gt;</highlight><highlight class="normal"></highlight></codeline>
<codeline lineno="21"><highlight class="normal"></highlight><highlight class="preprocessor">#include<sp/>&lt;stdint.h&gt;</highlight><highlight class="normal"></highlight></codeline>
<codeline lineno="22"><highlight class="normal"></highlight></codeline>
<codeline lineno="23"><highlight class="normal"></highlight><highlight class="preprocessor">#if<sp/>!defined(ROCBLAS_INTERNAL_API)<sp/>&amp;&amp;<sp/>!defined(ROCBLAS_NO_DEPRECATED_WARNINGS)</highlight><highlight class="normal"></highlight></codeline>
<codeline lineno="24"><highlight class="normal"></highlight><highlight class="preprocessor">#define<sp/>ROCBLAS_INTERNAL_DEPRECATION<sp/>\</highlight></codeline>
<codeline lineno="25"><highlight class="preprocessor"><sp/><sp/><sp/><sp/>__attribute__((<sp/><sp/><sp/><sp/><sp/><sp/><sp/><sp/><sp/><sp/><sp/><sp/><sp/><sp/><sp/><sp/><sp/><sp/>\</highlight></codeline>
<codeline lineno="26"><highlight class="preprocessor"><sp/><sp/><sp/><sp/><sp/><sp/><sp/><sp/>deprecated(&quot;rocBLAS<sp/>internal<sp/>API<sp/>may<sp/>change<sp/>each<sp/>release.<sp/>Advise<sp/>against<sp/>using.&quot;)))</highlight><highlight class="normal"></highlight></codeline>
<codeline lineno="27"><highlight class="normal"></highlight><highlight class="preprocessor">#else</highlight><highlight class="normal"></highlight></codeline>
<codeline lineno="28"><highlight class="normal"></highlight><highlight class="preprocessor">#define<sp/>ROCBLAS_INTERNAL_DEPRECATION</highlight><highlight class="normal"></highlight></codeline>
<codeline lineno="29"><highlight class="normal"></highlight><highlight class="preprocessor">#endif</highlight><highlight class="normal"></highlight></codeline>
<codeline lineno="30"><highlight class="normal"></highlight></codeline>
<codeline lineno="31"><highlight class="normal"></highlight><highlight class="preprocessor">#define<sp/>ROCBLAS_INTERNAL_EXPORT<sp/>ROCBLAS_EXPORT<sp/>ROCBLAS_INTERNAL_DEPRECATION</highlight><highlight class="normal"></highlight></codeline>
<codeline lineno="32"><highlight class="normal"></highlight><highlight class="preprocessor">#define<sp/>ROCBLAS_INTERNAL_EXPORT_NOINLINE<sp/>\</highlight></codeline>
<codeline lineno="33"><highlight class="preprocessor"><sp/><sp/><sp/><sp/>ROCBLAS_EXPORT<sp/>__attribute__((noinline))<sp/>ROCBLAS_INTERNAL_DEPRECATION</highlight><highlight class="normal"></highlight></codeline>
<codeline lineno="34"><highlight class="normal"></highlight></codeline>
<codeline lineno="41" refid="rocblas-types_8h_1a8a4de42139e6ee8ac0ffb496ab43640f" refkind="member"><highlight class="keyword">typedef</highlight><highlight class="normal"><sp/></highlight><highlight class="keyword">struct<sp/></highlight><highlight class="normal">_rocblas_handle*<sp/><ref refid="rocblas-types_8h_1a8a4de42139e6ee8ac0ffb496ab43640f" kindref="member">rocblas_handle</ref>;</highlight></codeline>
<codeline lineno="42"><highlight class="normal"></highlight></codeline>
<codeline lineno="43"><highlight class="normal"></highlight><highlight class="comment">//<sp/>Forward<sp/>declaration<sp/>of<sp/>hipStream_t</highlight><highlight class="normal"></highlight></codeline>
<codeline lineno="44"><highlight class="normal"></highlight><highlight class="keyword">typedef</highlight><highlight class="normal"><sp/></highlight><highlight class="keyword">struct<sp/></highlight><highlight class="normal">ihipStream_t*<sp/>hipStream_t;</highlight></codeline>
<codeline lineno="45"><highlight class="normal"></highlight></codeline>
<codeline lineno="46"><highlight class="normal"></highlight><highlight class="comment">//<sp/>Forward<sp/>declaration<sp/>of<sp/>hipEvent_t</highlight><highlight class="normal"></highlight></codeline>
<codeline lineno="47"><highlight class="normal"></highlight><highlight class="keyword">typedef</highlight><highlight class="normal"><sp/></highlight><highlight class="keyword">struct<sp/></highlight><highlight class="normal">ihipEvent_t*<sp/>hipEvent_t;</highlight></codeline>
<codeline lineno="48"><highlight class="normal"></highlight></codeline>
<codeline lineno="49"><highlight class="normal"></highlight><highlight class="comment">//<sp/>Opaque<sp/>base<sp/>class<sp/>for<sp/>device<sp/>memory<sp/>allocation</highlight><highlight class="normal"></highlight></codeline>
<codeline lineno="50"><highlight class="normal"></highlight><highlight class="keyword">struct<sp/></highlight><highlight class="normal">rocblas_device_malloc_base;</highlight></codeline>
<codeline lineno="51"><highlight class="normal"></highlight></codeline>
<codeline lineno="52"><highlight class="normal"></highlight><highlight class="comment">//<sp/>integer<sp/>types</highlight><highlight class="normal"></highlight></codeline>
<codeline lineno="53"><highlight class="normal"></highlight><highlight class="comment">//<sp/>/*!<sp/>\brief<sp/>To<sp/>specify<sp/>whether<sp/>int32<sp/>is<sp/>used<sp/>for<sp/>LP64<sp/>or<sp/>int64<sp/>is<sp/>used<sp/>for<sp/>ILP64</highlight><highlight class="normal"></highlight></codeline>
<codeline lineno="54"><highlight class="normal"></highlight><highlight class="comment">//<sp/><sp/>*/</highlight><highlight class="normal"></highlight></codeline>
<codeline lineno="55"><highlight class="normal"></highlight><highlight class="preprocessor">#if<sp/>defined(rocblas_ILP64)</highlight><highlight class="normal"></highlight></codeline>
<codeline lineno="56"><highlight class="normal"></highlight><highlight class="keyword">typedef</highlight><highlight class="normal"><sp/>int64_t<sp/>rocblas_int;</highlight></codeline>
<codeline lineno="57"><highlight class="normal"></highlight><highlight class="preprocessor">#else</highlight><highlight class="normal"></highlight></codeline>
<codeline lineno="58"><highlight class="normal"></highlight><highlight class="keyword">typedef</highlight><highlight class="normal"><sp/>int32_t<sp/>rocblas_int;</highlight></codeline>
<codeline lineno="59"><highlight class="normal"></highlight><highlight class="preprocessor">#endif</highlight><highlight class="normal"></highlight></codeline>
<codeline lineno="60"><highlight class="normal"></highlight></codeline>
<codeline lineno="61"><highlight class="normal"></highlight><highlight class="comment">//<sp/>/*!<sp/>\brief<sp/>Stride<sp/>between<sp/>matrices<sp/>or<sp/>vectors<sp/>in<sp/>strided_batched<sp/>functions</highlight><highlight class="normal"></highlight></codeline>
<codeline lineno="62"><highlight class="normal"></highlight><highlight class="comment">//<sp/><sp/>*/</highlight><highlight class="normal"></highlight></codeline>
<codeline lineno="63"><highlight class="normal"></highlight><highlight class="preprocessor">#if<sp/>defined(rocblas_ILP64)</highlight><highlight class="normal"></highlight></codeline>
<codeline lineno="64"><highlight class="normal"></highlight><highlight class="keyword">typedef</highlight><highlight class="normal"><sp/>int64_t<sp/>rocblas_stride;</highlight></codeline>
<codeline lineno="65"><highlight class="normal"></highlight><highlight class="preprocessor">#else</highlight><highlight class="normal"></highlight></codeline>
<codeline lineno="66"><highlight class="normal"></highlight><highlight class="keyword">typedef</highlight><highlight class="normal"><sp/>int64_t<sp/>rocblas_stride;</highlight></codeline>
<codeline lineno="67"><highlight class="normal"></highlight><highlight class="preprocessor">#endif</highlight><highlight class="normal"></highlight></codeline>
<codeline lineno="68"><highlight class="normal"></highlight></codeline>
<codeline lineno="69"><highlight class="normal"></highlight><highlight class="comment">//<sp/>floating<sp/>point<sp/>types</highlight><highlight class="normal"></highlight></codeline>
<codeline lineno="70"><highlight class="normal"></highlight><highlight class="keyword">typedef</highlight><highlight class="normal"><sp/></highlight><highlight class="keywordtype">float</highlight><highlight class="normal"><sp/><sp/>rocblas_float;</highlight></codeline>
<codeline lineno="71"><highlight class="normal"></highlight><highlight class="keyword">typedef</highlight><highlight class="normal"><sp/></highlight><highlight class="keywordtype">double</highlight><highlight class="normal"><sp/>rocblas_double;</highlight></codeline>
<codeline lineno="72"><highlight class="normal"></highlight></codeline>
<codeline lineno="73"><highlight class="normal"></highlight><highlight class="preprocessor">#ifdef<sp/>ROCM_USE_FLOAT16</highlight><highlight class="normal"></highlight></codeline>
<codeline lineno="74"><highlight class="normal"></highlight><highlight class="keyword">typedef</highlight><highlight class="normal"><sp/>_Float16<sp/>rocblas_half;</highlight></codeline>
<codeline lineno="75"><highlight class="normal"></highlight><highlight class="preprocessor">#else</highlight><highlight class="normal"></highlight></codeline>
<codeline lineno="76"><highlight class="normal"></highlight><highlight class="keyword">typedef</highlight><highlight class="normal"><sp/></highlight><highlight class="keyword">struct<sp/></highlight><highlight class="normal">rocblas_half</highlight></codeline>
<codeline lineno="77"><highlight class="normal">{</highlight></codeline>
<codeline lineno="78"><highlight class="normal"><sp/><sp/><sp/><sp/>uint16_t<sp/>data;</highlight></codeline>
<codeline lineno="79"><highlight class="normal">}<sp/>rocblas_half;</highlight></codeline>
<codeline lineno="80"><highlight class="normal"></highlight><highlight class="preprocessor">#endif</highlight><highlight class="normal"></highlight></codeline>
<codeline lineno="81"><highlight class="normal"></highlight></codeline>
<codeline lineno="82"><highlight class="normal"></highlight><highlight class="preprocessor">#if<sp/>!(__cplusplus<sp/>&lt;<sp/>201402L<sp/>||<sp/>(!defined(__HCC__)<sp/>&amp;&amp;<sp/>!defined(__HIPCC__)))</highlight><highlight class="normal"></highlight></codeline>
<codeline lineno="83"><highlight class="normal"></highlight></codeline>
<codeline lineno="84"><highlight class="normal"></highlight><highlight class="keyword">namespace<sp/></highlight><highlight class="normal">std</highlight></codeline>
<codeline lineno="85"><highlight class="normal">{</highlight></codeline>
<codeline lineno="86"><highlight class="normal"><sp/><sp/><sp/><sp/>__device__<sp/>__host__<sp/>constexpr<sp/>rocblas_half<sp/>real(</highlight><highlight class="keyword">const</highlight><highlight class="normal"><sp/>rocblas_half&amp;<sp/>a)</highlight></codeline>
<codeline lineno="87"><highlight class="normal"><sp/><sp/><sp/><sp/>{</highlight></codeline>
<codeline lineno="88"><highlight class="normal"><sp/><sp/><sp/><sp/><sp/><sp/><sp/><sp/></highlight><highlight class="keywordflow">return</highlight><highlight class="normal"><sp/>a;</highlight></codeline>
<codeline lineno="89"><highlight class="normal"><sp/><sp/><sp/><sp/>}</highlight></codeline>
<codeline lineno="90"><highlight class="normal">}</highlight></codeline>
<codeline lineno="91"><highlight class="normal"></highlight></codeline>
<codeline lineno="92"><highlight class="normal"></highlight><highlight class="preprocessor">#endif</highlight><highlight class="normal"></highlight></codeline>
<codeline lineno="93"><highlight class="normal"></highlight></codeline>
<codeline lineno="94"><highlight class="normal"></highlight><highlight class="comment">//<sp/>(4.2)<sp/>When<sp/>rocblas<sp/>API<sp/>takes<sp/>input<sp/>--a/b_type<sp/>as<sp/>i8_r,</highlight><highlight class="normal"></highlight></codeline>
<codeline lineno="95"><highlight class="normal"></highlight><highlight class="comment">//<sp/>we<sp/>use<sp/>--flags<sp/>(0/1)<sp/>to<sp/>determine<sp/>which<sp/>TensileType<sp/>(int8_t<sp/>or<sp/>int8x4)<sp/>to<sp/>be<sp/>cast</highlight><highlight class="normal"></highlight></codeline>
<codeline lineno="96"><highlight class="normal"></highlight><highlight class="comment">//<sp/>in<sp/>order<sp/>to<sp/>having<sp/>a<sp/>way<sp/>to<sp/>call<sp/>gemm_ex_typecasting&lt;?&gt;(),</highlight><highlight class="normal"></highlight></codeline>
<codeline lineno="97"><highlight class="normal"></highlight><highlight class="comment">//<sp/>we<sp/>can<sp/>define<sp/>a<sp/>minimal<sp/>definition<sp/>of<sp/>rocblas_int8x4,<sp/>and<sp/>int8<sp/>is<sp/>for<sp/>MI-kernel</highlight><highlight class="normal"></highlight></codeline>
<codeline lineno="98"><highlight class="normal"></highlight><highlight class="keyword">typedef</highlight><highlight class="normal"><sp/></highlight><highlight class="keyword">struct</highlight><highlight class="normal"></highlight></codeline>
<codeline lineno="99"><highlight class="normal">{</highlight></codeline>
<codeline lineno="100"><highlight class="normal"><sp/><sp/><sp/><sp/>int8_t<sp/>a,<sp/>b,<sp/>c,<sp/>d;</highlight></codeline>
<codeline lineno="101"><highlight class="normal">}<sp/>rocblas_int8x4;</highlight></codeline>
<codeline lineno="102"><highlight class="normal"></highlight></codeline>
<codeline lineno="103"><highlight class="normal"></highlight><highlight class="comment">//<sp/>complex<sp/>types</highlight><highlight class="normal"></highlight></codeline>
<codeline lineno="104"><highlight class="normal"></highlight><highlight class="preprocessor">#include<sp/>&quot;<ref refid="rocblas-complex-types_8h" kindref="compound">rocblas-complex-types.h</ref>&quot;</highlight><highlight class="normal"></highlight></codeline>
<codeline lineno="105"><highlight class="normal"></highlight></codeline>
<codeline lineno="106"><highlight class="normal"></highlight><highlight class="comment">/*<sp/>============================================================================================<sp/>*/</highlight><highlight class="normal"></highlight></codeline>
<codeline lineno="107"><highlight class="normal"></highlight></codeline>
<codeline lineno="113" refid="rocblas-types_8h_1a406e57f849ad42ab11264b0c74ced895" refkind="member"><highlight class="keyword">typedef</highlight><highlight class="normal"><sp/></highlight><highlight class="keyword">enum</highlight><highlight class="normal"><sp/>rocblas_operation_</highlight></codeline>
<codeline lineno="114"><highlight class="normal">{</highlight></codeline>
<codeline lineno="115" refid="rocblas-types_8h_1a406e57f849ad42ab11264b0c74ced895a87416dce6b841cf6196ed3855ccfdbf6" refkind="member"><highlight class="normal"><sp/><sp/><sp/><sp/><ref refid="rocblas-types_8h_1a406e57f849ad42ab11264b0c74ced895a87416dce6b841cf6196ed3855ccfdbf6" kindref="member">rocblas_operation_none</ref><sp/><sp/><sp/><sp/><sp/><sp/>=<sp/>111,<sp/></highlight></codeline>
<codeline lineno="116" refid="rocblas-types_8h_1a406e57f849ad42ab11264b0c74ced895ae5a999f0ff23c01e64fd68541d4ebf37" refkind="member"><highlight class="normal"><sp/><sp/><sp/><sp/><ref refid="rocblas-types_8h_1a406e57f849ad42ab11264b0c74ced895ae5a999f0ff23c01e64fd68541d4ebf37" kindref="member">rocblas_operation_transpose</ref><sp/>=<sp/>112,<sp/></highlight></codeline>
<codeline lineno="117"><highlight class="normal"><sp/><sp/><sp/><sp/><ref refid="rocblas-types_8h_1a406e57f849ad42ab11264b0c74ced895a73f410519d1157786d52a53f11256254" kindref="member">rocblas_operation_conjugate_transpose</ref></highlight></codeline>
<codeline lineno="118"><highlight class="normal"><sp/><sp/><sp/><sp/>=<sp/>113<sp/></highlight></codeline>
<codeline lineno="119" refid="rocblas-types_8h_1a406e57f849ad42ab11264b0c74ced895a73f410519d1157786d52a53f11256254" refkind="member"><highlight class="normal">}<sp/><ref refid="rocblas-types_8h_1a406e57f849ad42ab11264b0c74ced895" kindref="member">rocblas_operation</ref>;</highlight></codeline>
<codeline lineno="120"><highlight class="normal"></highlight></codeline>
<codeline lineno="124" refid="rocblas-types_8h_1a8976be447f47843d51b764bfe85bd47d" refkind="member"><highlight class="keyword">typedef</highlight><highlight class="normal"><sp/></highlight><highlight class="keyword">enum</highlight><highlight class="normal"><sp/>rocblas_fill_</highlight></codeline>
<codeline lineno="125"><highlight class="normal">{</highlight></codeline>
<codeline lineno="126" refid="rocblas-types_8h_1a8976be447f47843d51b764bfe85bd47da09e61033781a1a8a9a535a56a7fc4d64" refkind="member"><highlight class="normal"><sp/><sp/><sp/><sp/><ref refid="rocblas-types_8h_1a8976be447f47843d51b764bfe85bd47da09e61033781a1a8a9a535a56a7fc4d64" kindref="member">rocblas_fill_upper</ref><sp/>=<sp/>121,<sp/></highlight></codeline>
<codeline lineno="127" refid="rocblas-types_8h_1a8976be447f47843d51b764bfe85bd47da027f05347eef8c14b71a8db5936fac79" refkind="member"><highlight class="normal"><sp/><sp/><sp/><sp/><ref refid="rocblas-types_8h_1a8976be447f47843d51b764bfe85bd47da027f05347eef8c14b71a8db5936fac79" kindref="member">rocblas_fill_lower</ref><sp/>=<sp/>122,<sp/></highlight></codeline>
<codeline lineno="128"><highlight class="normal"><sp/><sp/><sp/><sp/>rocblas_fill_full<sp/><sp/>=<sp/>123</highlight></codeline>
<codeline lineno="129"><highlight class="normal">}<sp/><ref refid="rocblas-types_8h_1a8976be447f47843d51b764bfe85bd47d" kindref="member">rocblas_fill</ref>;</highlight></codeline>
<codeline lineno="130"><highlight class="normal"></highlight></codeline>
<codeline lineno="134" refid="rocblas-types_8h_1a6f4f8189d3fb012e15f2908e61b3ba20" refkind="member"><highlight class="keyword">typedef</highlight><highlight class="normal"><sp/></highlight><highlight class="keyword">enum</highlight><highlight class="normal"><sp/>rocblas_diagonal_</highlight></codeline>
<codeline lineno="135"><highlight class="normal">{</highlight></codeline>
<codeline lineno="136" refid="rocblas-types_8h_1a6f4f8189d3fb012e15f2908e61b3ba20a6323d14c246a72fd8895b964ca5bc59b" refkind="member"><highlight class="normal"><sp/><sp/><sp/><sp/><ref refid="rocblas-types_8h_1a6f4f8189d3fb012e15f2908e61b3ba20a6323d14c246a72fd8895b964ca5bc59b" kindref="member">rocblas_diagonal_non_unit</ref><sp/>=<sp/>131,<sp/></highlight></codeline>
<codeline lineno="137" refid="rocblas-types_8h_1a6f4f8189d3fb012e15f2908e61b3ba20a7808667597ccf33cab2b679e83e6e9b1" refkind="member"><highlight class="normal"><sp/><sp/><sp/><sp/><ref refid="rocblas-types_8h_1a6f4f8189d3fb012e15f2908e61b3ba20a7808667597ccf33cab2b679e83e6e9b1" kindref="member">rocblas_diagonal_unit</ref><sp/><sp/><sp/><sp/><sp/>=<sp/>132,<sp/></highlight></codeline>
<codeline lineno="138"><highlight class="normal">}<sp/><ref refid="rocblas-types_8h_1a6f4f8189d3fb012e15f2908e61b3ba20" kindref="member">rocblas_diagonal</ref>;</highlight></codeline>
<codeline lineno="139"><highlight class="normal"></highlight></codeline>
<codeline lineno="141" refid="rocblas-types_8h_1a503eb8c2565be541cd06a74d0ec368b7" refkind="member"><highlight class="keyword">typedef</highlight><highlight class="normal"><sp/></highlight><highlight class="keyword">enum</highlight><highlight class="normal"><sp/>rocblas_side_</highlight></codeline>
<codeline lineno="142"><highlight class="normal">{</highlight></codeline>
<codeline lineno="143"><highlight class="normal"><sp/><sp/><sp/><sp/><ref refid="rocblas-types_8h_1a503eb8c2565be541cd06a74d0ec368b7a011e9fd9389d1ba4836dae3f04405559" kindref="member">rocblas_side_left</ref><sp/><sp/>=<sp/>141,<sp/></highlight></codeline>
<codeline lineno="145"><highlight class="normal"><sp/><sp/><sp/><sp/><ref refid="rocblas-types_8h_1a503eb8c2565be541cd06a74d0ec368b7a27f2b0df534a059f16763cd7491ae211" kindref="member">rocblas_side_right</ref><sp/>=<sp/>142,<sp/></highlight></codeline>
<codeline lineno="147"><highlight class="normal"><sp/><sp/><sp/><sp/>rocblas_side_both<sp/><sp/>=<sp/>143</highlight></codeline>
<codeline lineno="148"><highlight class="normal">}<sp/><ref refid="rocblas-types_8h_1a503eb8c2565be541cd06a74d0ec368b7" kindref="member">rocblas_side</ref>;</highlight></codeline>
<codeline lineno="149"><highlight class="normal"></highlight></codeline>
<codeline lineno="150"><highlight class="normal"></highlight><highlight class="comment">/*<sp/>============================================================================================<sp/>*/</highlight></codeline>
<codeline lineno="154" refid="rocblas-types_8h_1aed94086822f2547bddc6182c25749d03" refkind="member"><highlight class="keyword">typedef</highlight><highlight class="normal"><sp/></highlight><highlight class="keyword">enum</highlight><highlight class="normal"><sp/>rocblas_status_</highlight></codeline>
<codeline lineno="155"><highlight class="normal">{</highlight></codeline>
<codeline lineno="156" refid="rocblas-types_8h_1aed94086822f2547bddc6182c25749d03a608ee84b4cedbfb06ea735be874d31ff" refkind="member"><highlight class="normal"><sp/><sp/><sp/><sp/><ref refid="rocblas-types_8h_1aed94086822f2547bddc6182c25749d03a608ee84b4cedbfb06ea735be874d31ff" kindref="member">rocblas_status_success</ref><sp/><sp/><sp/><sp/><sp/><sp/><sp/><sp/><sp/>=<sp/>0,<sp/></highlight></codeline>
<codeline lineno="157" refid="rocblas-types_8h_1aed94086822f2547bddc6182c25749d03ac97057fcb38a788817c1e1d54178b02f" refkind="member"><highlight class="normal"><sp/><sp/><sp/><sp/><ref refid="rocblas-types_8h_1aed94086822f2547bddc6182c25749d03ac97057fcb38a788817c1e1d54178b02f" kindref="member">rocblas_status_invalid_handle</ref><sp/><sp/>=<sp/>1,<sp/></highlight></codeline>
<codeline lineno="158" refid="rocblas-types_8h_1aed94086822f2547bddc6182c25749d03a0f451e44cdbd40ecde394496e782afe3" refkind="member"><highlight class="normal"><sp/><sp/><sp/><sp/><ref refid="rocblas-types_8h_1aed94086822f2547bddc6182c25749d03a0f451e44cdbd40ecde394496e782afe3" kindref="member">rocblas_status_not_implemented</ref><sp/>=<sp/>2,<sp/></highlight></codeline>
<codeline lineno="159" refid="rocblas-types_8h_1aed94086822f2547bddc6182c25749d03a1ec960494cc61cb33af768acdbafe76f" refkind="member"><highlight class="normal"><sp/><sp/><sp/><sp/><ref refid="rocblas-types_8h_1aed94086822f2547bddc6182c25749d03a1ec960494cc61cb33af768acdbafe76f" kindref="member">rocblas_status_invalid_pointer</ref><sp/>=<sp/>3,<sp/></highlight></codeline>
<codeline lineno="160" refid="rocblas-types_8h_1aed94086822f2547bddc6182c25749d03a1425dffb65fa9881055d774c50a7d046" refkind="member"><highlight class="normal"><sp/><sp/><sp/><sp/><ref refid="rocblas-types_8h_1aed94086822f2547bddc6182c25749d03a1425dffb65fa9881055d774c50a7d046" kindref="member">rocblas_status_invalid_size</ref><sp/><sp/><sp/><sp/>=<sp/>4,<sp/></highlight></codeline>
<codeline lineno="161" refid="rocblas-types_8h_1aed94086822f2547bddc6182c25749d03a38e56e2febedc1b79b0dd79876f238d3" refkind="member"><highlight class="normal"><sp/><sp/><sp/><sp/><ref refid="rocblas-types_8h_1aed94086822f2547bddc6182c25749d03a38e56e2febedc1b79b0dd79876f238d3" kindref="member">rocblas_status_memory_error</ref><sp/><sp/><sp/><sp/>=<sp/>5,<sp/></highlight></codeline>
<codeline lineno="162" refid="rocblas-types_8h_1aed94086822f2547bddc6182c25749d03acf76c9bb0643fb8606ed3eb4811ac8e5" refkind="member"><highlight class="normal"><sp/><sp/><sp/><sp/><ref refid="rocblas-types_8h_1aed94086822f2547bddc6182c25749d03acf76c9bb0643fb8606ed3eb4811ac8e5" kindref="member">rocblas_status_internal_error</ref><sp/><sp/>=<sp/>6,<sp/></highlight></codeline>
<codeline lineno="163" refid="rocblas-types_8h_1aed94086822f2547bddc6182c25749d03a7d06e31f0e5839d687429cfef80c2c0d" refkind="member"><highlight class="normal"><sp/><sp/><sp/><sp/><ref refid="rocblas-types_8h_1aed94086822f2547bddc6182c25749d03a7d06e31f0e5839d687429cfef80c2c0d" kindref="member">rocblas_status_perf_degraded</ref><sp/><sp/><sp/>=<sp/>7,<sp/></highlight></codeline>
<codeline lineno="164" refid="rocblas-types_8h_1aed94086822f2547bddc6182c25749d03a86b9e2c762fc877192bff044b616c498" refkind="member"><highlight class="normal"><sp/><sp/><sp/><sp/><ref refid="rocblas-types_8h_1aed94086822f2547bddc6182c25749d03a86b9e2c762fc877192bff044b616c498" kindref="member">rocblas_status_size_query_mismatch</ref><sp/>=<sp/>8,<sp/></highlight></codeline>
<codeline lineno="165" refid="rocblas-types_8h_1aed94086822f2547bddc6182c25749d03a957f07db3112444cb0b31497d4ce5254" refkind="member"><highlight class="normal"><sp/><sp/><sp/><sp/><ref refid="rocblas-types_8h_1aed94086822f2547bddc6182c25749d03a957f07db3112444cb0b31497d4ce5254" kindref="member">rocblas_status_size_increased</ref><sp/><sp/><sp/><sp/><sp/><sp/>=<sp/>9,<sp/></highlight></codeline>
<codeline lineno="166" refid="rocblas-types_8h_1aed94086822f2547bddc6182c25749d03aa2920d1b0c117d16d2efacd9c7427f3e" refkind="member"><highlight class="normal"><sp/><sp/><sp/><sp/><ref refid="rocblas-types_8h_1aed94086822f2547bddc6182c25749d03aa2920d1b0c117d16d2efacd9c7427f3e" kindref="member">rocblas_status_size_unchanged</ref><sp/><sp/><sp/><sp/><sp/><sp/>=<sp/>10,<sp/></highlight></codeline>
<codeline lineno="167" refid="rocblas-types_8h_1aed94086822f2547bddc6182c25749d03abd16dfc59ede5705b103f722c2c81719" refkind="member"><highlight class="normal"><sp/><sp/><sp/><sp/><ref refid="rocblas-types_8h_1aed94086822f2547bddc6182c25749d03abd16dfc59ede5705b103f722c2c81719" kindref="member">rocblas_status_invalid_value</ref><sp/><sp/><sp/><sp/><sp/><sp/><sp/>=<sp/>11,<sp/></highlight></codeline>
<codeline lineno="168" refid="rocblas-types_8h_1aed94086822f2547bddc6182c25749d03a6e0e3c6afb11fc8724c02206b6ec0ab4" refkind="member"><highlight class="normal"><sp/><sp/><sp/><sp/><ref refid="rocblas-types_8h_1aed94086822f2547bddc6182c25749d03a6e0e3c6afb11fc8724c02206b6ec0ab4" kindref="member">rocblas_status_continue</ref><sp/><sp/><sp/><sp/><sp/><sp/><sp/><sp/><sp/><sp/><sp/><sp/>=<sp/>12,<sp/></highlight></codeline>
<codeline lineno="169"><highlight class="normal"><sp/><sp/><sp/><sp/><ref refid="rocblas-types_8h_1aed94086822f2547bddc6182c25749d03a7ea70e0df31206cbfc57deb44c992fd7" kindref="member">rocblas_status_check_numerics_fail</ref></highlight></codeline>
<codeline lineno="170" refid="rocblas-types_8h_1aed94086822f2547bddc6182c25749d03a7ea70e0df31206cbfc57deb44c992fd7" refkind="member"><highlight class="normal"><sp/><sp/><sp/><sp/>=<sp/>13,<sp/></highlight></codeline>
<codeline lineno="171"><highlight class="normal">}<sp/><ref refid="rocblas-types_8h_1aed94086822f2547bddc6182c25749d03" kindref="member">rocblas_status</ref>;</highlight></codeline>
<codeline lineno="172"><highlight class="normal"></highlight></codeline>
<codeline lineno="174" refid="rocblas-types_8h_1a36f48cb8bd52842d9435876077ecc9f8" refkind="member"><highlight class="keyword">typedef</highlight><highlight class="normal"><sp/></highlight><highlight class="keyword">enum</highlight><highlight class="normal"><sp/>rocblas_datatype_</highlight></codeline>
<codeline lineno="175"><highlight class="normal">{</highlight></codeline>
<codeline lineno="176" refid="rocblas-types_8h_1a36f48cb8bd52842d9435876077ecc9f8a12d27692cdbe833501ef32abb1257e64" refkind="member"><highlight class="normal"><sp/><sp/><sp/><sp/><ref refid="rocblas-types_8h_1a36f48cb8bd52842d9435876077ecc9f8a12d27692cdbe833501ef32abb1257e64" kindref="member">rocblas_datatype_f16_r</ref><sp/><sp/>=<sp/>150,<sp/></highlight></codeline>
<codeline lineno="177" refid="rocblas-types_8h_1a36f48cb8bd52842d9435876077ecc9f8a4c4e3d8d48d14761a0d21a261c1f3a7c" refkind="member"><highlight class="normal"><sp/><sp/><sp/><sp/><ref refid="rocblas-types_8h_1a36f48cb8bd52842d9435876077ecc9f8a4c4e3d8d48d14761a0d21a261c1f3a7c" kindref="member">rocblas_datatype_f32_r</ref><sp/><sp/>=<sp/>151,<sp/></highlight></codeline>
<codeline lineno="178" refid="rocblas-types_8h_1a36f48cb8bd52842d9435876077ecc9f8a666da21be840652847a7e334eeff6fdc" refkind="member"><highlight class="normal"><sp/><sp/><sp/><sp/><ref refid="rocblas-types_8h_1a36f48cb8bd52842d9435876077ecc9f8a666da21be840652847a7e334eeff6fdc" kindref="member">rocblas_datatype_f64_r</ref><sp/><sp/>=<sp/>152,<sp/></highlight></codeline>
<codeline lineno="179" refid="rocblas-types_8h_1a36f48cb8bd52842d9435876077ecc9f8abd26f31a7a02e9d42e7737bce32ee650" refkind="member"><highlight class="normal"><sp/><sp/><sp/><sp/><ref refid="rocblas-types_8h_1a36f48cb8bd52842d9435876077ecc9f8abd26f31a7a02e9d42e7737bce32ee650" kindref="member">rocblas_datatype_f16_c</ref><sp/><sp/>=<sp/>153,<sp/></highlight></codeline>
<codeline lineno="180" refid="rocblas-types_8h_1a36f48cb8bd52842d9435876077ecc9f8a55db880fd519219a8784899b84730d73" refkind="member"><highlight class="normal"><sp/><sp/><sp/><sp/><ref refid="rocblas-types_8h_1a36f48cb8bd52842d9435876077ecc9f8a55db880fd519219a8784899b84730d73" kindref="member">rocblas_datatype_f32_c</ref><sp/><sp/>=<sp/>154,<sp/></highlight></codeline>
<codeline lineno="181" refid="rocblas-types_8h_1a36f48cb8bd52842d9435876077ecc9f8a7ab164b885068511563ddf8ca8b41735" refkind="member"><highlight class="normal"><sp/><sp/><sp/><sp/><ref refid="rocblas-types_8h_1a36f48cb8bd52842d9435876077ecc9f8a7ab164b885068511563ddf8ca8b41735" kindref="member">rocblas_datatype_f64_c</ref><sp/><sp/>=<sp/>155,<sp/></highlight></codeline>
<codeline lineno="182" refid="rocblas-types_8h_1a36f48cb8bd52842d9435876077ecc9f8a0fcdccf8e7501e6f0dc033fdddea8d64" refkind="member"><highlight class="normal"><sp/><sp/><sp/><sp/><ref refid="rocblas-types_8h_1a36f48cb8bd52842d9435876077ecc9f8a0fcdccf8e7501e6f0dc033fdddea8d64" kindref="member">rocblas_datatype_i8_r</ref><sp/><sp/><sp/>=<sp/>160,<sp/></highlight></codeline>
<codeline lineno="183" refid="rocblas-types_8h_1a36f48cb8bd52842d9435876077ecc9f8a34e00272d0d93838dbb64acacbfb2370" refkind="member"><highlight class="normal"><sp/><sp/><sp/><sp/><ref refid="rocblas-types_8h_1a36f48cb8bd52842d9435876077ecc9f8a34e00272d0d93838dbb64acacbfb2370" kindref="member">rocblas_datatype_u8_r</ref><sp/><sp/><sp/>=<sp/>161,<sp/></highlight></codeline>
<codeline lineno="184" refid="rocblas-types_8h_1a36f48cb8bd52842d9435876077ecc9f8a6b7d5cd8a48cd8347536bbca09d5b112" refkind="member"><highlight class="normal"><sp/><sp/><sp/><sp/><ref refid="rocblas-types_8h_1a36f48cb8bd52842d9435876077ecc9f8a6b7d5cd8a48cd8347536bbca09d5b112" kindref="member">rocblas_datatype_i32_r</ref><sp/><sp/>=<sp/>162,<sp/></highlight></codeline>
<codeline lineno="185" refid="rocblas-types_8h_1a36f48cb8bd52842d9435876077ecc9f8ab4078bd4cb7562d82b37760a22a2f18c" refkind="member"><highlight class="normal"><sp/><sp/><sp/><sp/><ref refid="rocblas-types_8h_1a36f48cb8bd52842d9435876077ecc9f8ab4078bd4cb7562d82b37760a22a2f18c" kindref="member">rocblas_datatype_u32_r</ref><sp/><sp/>=<sp/>163,<sp/></highlight></codeline>
<codeline lineno="186" refid="rocblas-types_8h_1a36f48cb8bd52842d9435876077ecc9f8aa4796f33078bdf0841363a46671a2ac7" refkind="member"><highlight class="normal"><sp/><sp/><sp/><sp/><ref refid="rocblas-types_8h_1a36f48cb8bd52842d9435876077ecc9f8aa4796f33078bdf0841363a46671a2ac7" kindref="member">rocblas_datatype_i8_c</ref><sp/><sp/><sp/>=<sp/>164,<sp/></highlight></codeline>
<codeline lineno="187" refid="rocblas-types_8h_1a36f48cb8bd52842d9435876077ecc9f8a46de61e7cfc95192d8a617fbf7336922" refkind="member"><highlight class="normal"><sp/><sp/><sp/><sp/><ref refid="rocblas-types_8h_1a36f48cb8bd52842d9435876077ecc9f8a46de61e7cfc95192d8a617fbf7336922" kindref="member">rocblas_datatype_u8_c</ref><sp/><sp/><sp/>=<sp/>165,<sp/></highlight></codeline>
<codeline lineno="188" refid="rocblas-types_8h_1a36f48cb8bd52842d9435876077ecc9f8a2287d18bc0d2cf0900917b44335026a6" refkind="member"><highlight class="normal"><sp/><sp/><sp/><sp/><ref refid="rocblas-types_8h_1a36f48cb8bd52842d9435876077ecc9f8a2287d18bc0d2cf0900917b44335026a6" kindref="member">rocblas_datatype_i32_c</ref><sp/><sp/>=<sp/>166,<sp/></highlight></codeline>
<codeline lineno="189" refid="rocblas-types_8h_1a36f48cb8bd52842d9435876077ecc9f8a94fbbeae672f375e512033ff829cda2d" refkind="member"><highlight class="normal"><sp/><sp/><sp/><sp/><ref refid="rocblas-types_8h_1a36f48cb8bd52842d9435876077ecc9f8a94fbbeae672f375e512033ff829cda2d" kindref="member">rocblas_datatype_u32_c</ref><sp/><sp/>=<sp/>167,<sp/></highlight></codeline>
<codeline lineno="190" refid="rocblas-types_8h_1a36f48cb8bd52842d9435876077ecc9f8af9d568d7cb2f1a896c3c58807d5a09dc" refkind="member"><highlight class="normal"><sp/><sp/><sp/><sp/><ref refid="rocblas-types_8h_1a36f48cb8bd52842d9435876077ecc9f8af9d568d7cb2f1a896c3c58807d5a09dc" kindref="member">rocblas_datatype_bf16_r</ref><sp/>=<sp/>168,<sp/></highlight></codeline>
<codeline lineno="191" refid="rocblas-types_8h_1a36f48cb8bd52842d9435876077ecc9f8a756f99633fcfdfb3750e305dc25dae95" refkind="member"><highlight class="normal"><sp/><sp/><sp/><sp/><ref refid="rocblas-types_8h_1a36f48cb8bd52842d9435876077ecc9f8a756f99633fcfdfb3750e305dc25dae95" kindref="member">rocblas_datatype_bf16_c</ref><sp/>=<sp/>169,<sp/></highlight></codeline>
<codeline lineno="192"><highlight class="normal">}<sp/><ref refid="rocblas-types_8h_1a36f48cb8bd52842d9435876077ecc9f8" kindref="member">rocblas_datatype</ref>;</highlight></codeline>
<codeline lineno="193"><highlight class="normal"></highlight></codeline>
<codeline lineno="196" refid="rocblas-types_8h_1ae9ca87273410f7097508a983d386cba4" refkind="member"><highlight class="keyword">typedef</highlight><highlight class="normal"><sp/></highlight><highlight class="keyword">enum</highlight><highlight class="normal"><sp/>rocblas_pointer_mode_</highlight></codeline>
<codeline lineno="197"><highlight class="normal">{</highlight></codeline>
<codeline lineno="199" refid="rocblas-types_8h_1ae9ca87273410f7097508a983d386cba4a2f0390419a13907b4a2e521b77c3c5cb" refkind="member"><highlight class="normal"><sp/><sp/><sp/><sp/><ref refid="rocblas-types_8h_1ae9ca87273410f7097508a983d386cba4a2f0390419a13907b4a2e521b77c3c5cb" kindref="member">rocblas_pointer_mode_host</ref><sp/>=<sp/>0,</highlight></codeline>
<codeline lineno="201"><highlight class="normal"><sp/><sp/><sp/><sp/><ref refid="rocblas-types_8h_1ae9ca87273410f7097508a983d386cba4a5db06f37b38bdf2972a16f2869644d60" kindref="member">rocblas_pointer_mode_device</ref><sp/>=<sp/>1</highlight></codeline>
<codeline lineno="202" refid="rocblas-types_8h_1ae9ca87273410f7097508a983d386cba4a5db06f37b38bdf2972a16f2869644d60" refkind="member"><highlight class="normal">}<sp/><ref refid="rocblas-types_8h_1ae9ca87273410f7097508a983d386cba4" kindref="member">rocblas_pointer_mode</ref>;</highlight></codeline>
<codeline lineno="203"><highlight class="normal"></highlight></codeline>
<codeline lineno="206" refid="rocblas-types_8h_1ae74ff2cc015e9f1eadf469084947ab02" refkind="member"><highlight class="keyword">typedef</highlight><highlight class="normal"><sp/></highlight><highlight class="keyword">enum</highlight><highlight class="normal"><sp/>rocblas_atomics_mode_</highlight></codeline>
<codeline lineno="207"><highlight class="normal">{</highlight></codeline>
<codeline lineno="209" refid="rocblas-types_8h_1ae74ff2cc015e9f1eadf469084947ab02a312b4582bca3f3a49371c8a66b22eef6" refkind="member"><highlight class="normal"><sp/><sp/><sp/><sp/><ref refid="rocblas-types_8h_1ae74ff2cc015e9f1eadf469084947ab02a312b4582bca3f3a49371c8a66b22eef6" kindref="member">rocblas_atomics_not_allowed</ref><sp/>=<sp/>0,</highlight></codeline>
<codeline lineno="211" refid="rocblas-types_8h_1ae74ff2cc015e9f1eadf469084947ab02a0e3e9f45493155937a9d2b10bbd7eab7" refkind="member"><highlight class="normal"><sp/><sp/><sp/><sp/><ref refid="rocblas-types_8h_1ae74ff2cc015e9f1eadf469084947ab02a0e3e9f45493155937a9d2b10bbd7eab7" kindref="member">rocblas_atomics_allowed</ref><sp/>=<sp/>1,</highlight></codeline>
<codeline lineno="212"><highlight class="normal">}<sp/><ref refid="rocblas-types_8h_1ae74ff2cc015e9f1eadf469084947ab02" kindref="member">rocblas_atomics_mode</ref>;</highlight></codeline>
<codeline lineno="213"><highlight class="normal"></highlight></codeline>
<codeline lineno="216" refid="rocblas-types_8h_1ad84e70795b28c9152edd9d71dff38206" refkind="member"><highlight class="keyword">typedef</highlight><highlight class="normal"><sp/></highlight><highlight class="keyword">enum</highlight><highlight class="normal"><sp/>rocblas_performance_metric_</highlight></codeline>
<codeline lineno="217"><highlight class="normal">{</highlight></codeline>
<codeline lineno="219" refid="rocblas-types_8h_1ad84e70795b28c9152edd9d71dff38206a68520585acf3e61312b23a00b30c62ac" refkind="member"><highlight class="normal"><sp/><sp/><sp/><sp/><ref refid="rocblas-types_8h_1ad84e70795b28c9152edd9d71dff38206a68520585acf3e61312b23a00b30c62ac" kindref="member">rocblas_default_performance_metric</ref><sp/>=<sp/>0,</highlight></codeline>
<codeline lineno="221" refid="rocblas-types_8h_1ad84e70795b28c9152edd9d71dff38206a61b0dcdce66f62eb481b9c4b6fbb5571" refkind="member"><highlight class="normal"><sp/><sp/><sp/><sp/><ref refid="rocblas-types_8h_1ad84e70795b28c9152edd9d71dff38206a61b0dcdce66f62eb481b9c4b6fbb5571" kindref="member">rocblas_device_efficiency_performance_metric</ref><sp/>=<sp/>1,</highlight></codeline>
<codeline lineno="224"><highlight class="normal"><sp/><sp/><sp/><sp/><ref refid="rocblas-types_8h_1ad84e70795b28c9152edd9d71dff38206a331a1b9f87601f8d7f75f47a13602f96" kindref="member">rocblas_cu_efficiency_performance_metric</ref><sp/>=<sp/>2</highlight></codeline>
<codeline lineno="225" refid="rocblas-types_8h_1ad84e70795b28c9152edd9d71dff38206a331a1b9f87601f8d7f75f47a13602f96" refkind="member"><highlight class="normal">}<sp/><ref refid="rocblas-types_8h_1ad84e70795b28c9152edd9d71dff38206" kindref="member">rocblas_performance_metric</ref>;</highlight></codeline>
<codeline lineno="226"><highlight class="normal"></highlight></codeline>
<codeline lineno="228" refid="rocblas-types_8h_1a2617e51a61393315715c11035c662fa8" refkind="member"><highlight class="keyword">typedef</highlight><highlight class="normal"><sp/></highlight><highlight class="keyword">enum</highlight><highlight class="normal"><sp/>rocblas_layer_mode_</highlight></codeline>
<codeline lineno="229"><highlight class="normal">{</highlight></codeline>
<codeline lineno="231" refid="rocblas-types_8h_1a2617e51a61393315715c11035c662fa8a09b57b666f29f4179dabb51ed4f614d8" refkind="member"><highlight class="normal"><sp/><sp/><sp/><sp/><ref refid="rocblas-types_8h_1a2617e51a61393315715c11035c662fa8a09b57b666f29f4179dabb51ed4f614d8" kindref="member">rocblas_layer_mode_none</ref><sp/>=<sp/>0x0,</highlight></codeline>
<codeline lineno="233" refid="rocblas-types_8h_1a2617e51a61393315715c11035c662fa8a81b6271b673851efca20321f0f04a36d" refkind="member"><highlight class="normal"><sp/><sp/><sp/><sp/><ref refid="rocblas-types_8h_1a2617e51a61393315715c11035c662fa8a81b6271b673851efca20321f0f04a36d" kindref="member">rocblas_layer_mode_log_trace</ref><sp/>=<sp/>0x1,</highlight></codeline>
<codeline lineno="235" refid="rocblas-types_8h_1a2617e51a61393315715c11035c662fa8a214de05732d798bdd585bf1db739b3b0" refkind="member"><highlight class="normal"><sp/><sp/><sp/><sp/><ref refid="rocblas-types_8h_1a2617e51a61393315715c11035c662fa8a214de05732d798bdd585bf1db739b3b0" kindref="member">rocblas_layer_mode_log_bench</ref><sp/>=<sp/>0x2,</highlight></codeline>
<codeline lineno="237" refid="rocblas-types_8h_1a2617e51a61393315715c11035c662fa8a4c69ed989c4cda6f8d292b210ce09f38" refkind="member"><highlight class="normal"><sp/><sp/><sp/><sp/><ref refid="rocblas-types_8h_1a2617e51a61393315715c11035c662fa8a4c69ed989c4cda6f8d292b210ce09f38" kindref="member">rocblas_layer_mode_log_profile</ref><sp/>=<sp/>0x4,</highlight></codeline>
<codeline lineno="238"><highlight class="normal">}<sp/><ref refid="rocblas-types_8h_1a2617e51a61393315715c11035c662fa8" kindref="member">rocblas_layer_mode</ref>;</highlight></codeline>
<codeline lineno="239"><highlight class="normal"></highlight></codeline>
<codeline lineno="241" refid="rocblas-types_8h_1a6d33ce1b1bdbd9539d6dec958801149b" refkind="member"><highlight class="keyword">typedef</highlight><highlight class="normal"><sp/></highlight><highlight class="keyword">enum</highlight><highlight class="normal"><sp/>rocblas_gemm_algo_</highlight></codeline>
<codeline lineno="242"><highlight class="normal">{</highlight></codeline>
<codeline lineno="243"><highlight class="normal"><sp/><sp/><sp/><sp/>rocblas_gemm_algo_standard<sp/>=<sp/>0x0,</highlight></codeline>
<codeline lineno="244"><highlight class="normal">}<sp/><ref refid="rocblas-types_8h_1a6d33ce1b1bdbd9539d6dec958801149b" kindref="member">rocblas_gemm_algo</ref>;</highlight></codeline>
<codeline lineno="245"><highlight class="normal"></highlight></codeline>
<codeline lineno="247" refid="rocblas-types_8h_1a7c46da5a77c23dc7a59c4aaaf8e66350" refkind="member"><highlight class="keyword">typedef</highlight><highlight class="normal"><sp/></highlight><highlight class="keyword">enum</highlight><highlight class="normal"><sp/>rocblas_gemm_flags_</highlight></codeline>
<codeline lineno="248"><highlight class="normal">{</highlight></codeline>
<codeline lineno="250" refid="rocblas-types_8h_1a7c46da5a77c23dc7a59c4aaaf8e66350a87867eeee1756e2a69364180e5783605" refkind="member"><highlight class="normal"><sp/><sp/><sp/><sp/><ref refid="rocblas-types_8h_1a7c46da5a77c23dc7a59c4aaaf8e66350a87867eeee1756e2a69364180e5783605" kindref="member">rocblas_gemm_flags_none</ref><sp/>=<sp/>0x0,</highlight></codeline>
<codeline lineno="253" refid="rocblas-types_8h_1a7c46da5a77c23dc7a59c4aaaf8e66350a59ad4b019b9f67bfd5c7670ecc290c5c" refkind="member"><highlight class="normal"><sp/><sp/><sp/><sp/><ref refid="rocblas-types_8h_1a7c46da5a77c23dc7a59c4aaaf8e66350a59ad4b019b9f67bfd5c7670ecc290c5c" kindref="member">rocblas_gemm_flags_pack_int8x4</ref><sp/>=<sp/>0x1,</highlight></codeline>
<codeline lineno="257"><highlight class="normal"><sp/><sp/><sp/><sp/><ref refid="rocblas-types_8h_1a7c46da5a77c23dc7a59c4aaaf8e66350a44ac52de32af0430148a784bf5b99bb3" kindref="member">rocblas_gemm_flags_use_cu_efficiency</ref><sp/>=<sp/>0x2</highlight></codeline>
<codeline lineno="258" refid="rocblas-types_8h_1a7c46da5a77c23dc7a59c4aaaf8e66350a44ac52de32af0430148a784bf5b99bb3" refkind="member"><highlight class="normal">}<sp/><ref refid="rocblas-types_8h_1a7c46da5a77c23dc7a59c4aaaf8e66350" kindref="member">rocblas_gemm_flags</ref>;</highlight></codeline>
<codeline lineno="259"><highlight class="normal"></highlight></codeline>
<codeline lineno="261" refid="unionrocblas__union__t" refkind="compound"><highlight class="keyword">typedef</highlight><highlight class="normal"><sp/></highlight><highlight class="keyword">union<sp/></highlight><highlight class="normal">rocblas_union_u</highlight></codeline>
<codeline lineno="262"><highlight class="normal">{</highlight></codeline>
<codeline lineno="263"><highlight class="normal"><sp/><sp/><sp/><sp/>rocblas_half<sp/><sp/><sp/><sp/><sp/><sp/><sp/><sp/><sp/><sp/><sp/>h;</highlight></codeline>
<codeline lineno="264"><highlight class="normal"><sp/><sp/><sp/><sp/></highlight><highlight class="keywordtype">float</highlight><highlight class="normal"><sp/><sp/><sp/><sp/><sp/><sp/><sp/><sp/><sp/><sp/><sp/><sp/><sp/><sp/><sp/><sp/><sp/><sp/>s;</highlight></codeline>
<codeline lineno="265"><highlight class="normal"><sp/><sp/><sp/><sp/></highlight><highlight class="keywordtype">double</highlight><highlight class="normal"><sp/><sp/><sp/><sp/><sp/><sp/><sp/><sp/><sp/><sp/><sp/><sp/><sp/><sp/><sp/><sp/><sp/>d;</highlight></codeline>
<codeline lineno="266"><highlight class="normal"><sp/><sp/><sp/><sp/>int32_t<sp/><sp/><sp/><sp/><sp/><sp/><sp/><sp/><sp/><sp/><sp/><sp/><sp/><sp/><sp/><sp/>i;</highlight></codeline>
<codeline lineno="267"><highlight class="normal"><sp/><sp/><sp/><sp/><ref refid="structrocblas__float__complex" kindref="compound">rocblas_float_complex</ref><sp/><sp/>c;</highlight></codeline>
<codeline lineno="268"><highlight class="normal"><sp/><sp/><sp/><sp/><ref refid="structrocblas__double__complex" kindref="compound">rocblas_double_complex</ref><sp/>z;</highlight></codeline>
<codeline lineno="269"><highlight class="normal">}<sp/><ref refid="unionrocblas__union__t" kindref="compound">rocblas_union_t</ref>;</highlight></codeline>
<codeline lineno="270"><highlight class="normal"></highlight></codeline>
<codeline lineno="271"><highlight class="normal"></highlight><highlight class="comment">/*****************************************************************************************************************************************</highlight></codeline>
<codeline lineno="272"><highlight class="comment">*<sp/>\brief<sp/>Numerical<sp/>checking<sp/>for<sp/>verifying<sp/>the<sp/>Input<sp/>and<sp/>Output<sp/>vector/matrix<sp/>of<sp/>the<sp/>rocBLAS<sp/>functions<sp/>for<sp/>a<sp/>NaN,<sp/>zero<sp/>and<sp/>infinity</highlight></codeline>
<codeline lineno="273"><highlight class="comment">******************************************************************************************************************************************/</highlight><highlight class="normal"></highlight></codeline>
<codeline lineno="274"><highlight class="normal"></highlight><highlight class="keyword">typedef</highlight><highlight class="normal"><sp/></highlight><highlight class="keyword">enum</highlight><highlight class="normal"><sp/>rocblas_check_numerics_mode_</highlight></codeline>
<codeline lineno="275"><highlight class="normal">{</highlight></codeline>
<codeline lineno="276"><highlight class="normal"><sp/><sp/><sp/><sp/></highlight><highlight class="comment">//No<sp/>numeric<sp/>checks</highlight><highlight class="normal"></highlight></codeline>
<codeline lineno="277"><highlight class="normal"><sp/><sp/><sp/><sp/>rocblas_check_numerics_mode_no_check<sp/>=<sp/>0x0,</highlight></codeline>
<codeline lineno="278"><highlight class="normal"></highlight></codeline>
<codeline lineno="279"><highlight class="normal"><sp/><sp/><sp/><sp/></highlight><highlight class="comment">//Fully<sp/>informative,<sp/>prints<sp/>results<sp/>from<sp/>all<sp/>checks<sp/>to<sp/>console</highlight><highlight class="normal"></highlight></codeline>
<codeline lineno="280"><highlight class="normal"><sp/><sp/><sp/><sp/>rocblas_check_numerics_mode_info<sp/>=<sp/>0x1,</highlight></codeline>
<codeline lineno="281"><highlight class="normal"></highlight></codeline>
<codeline lineno="282"><highlight class="normal"><sp/><sp/><sp/><sp/></highlight><highlight class="comment">//Prints<sp/>result<sp/>only<sp/>if<sp/>has_NaN==true||has_Inf==true</highlight><highlight class="normal"></highlight></codeline>
<codeline lineno="283"><highlight class="normal"><sp/><sp/><sp/><sp/>rocblas_check_numerics_mode_warn<sp/>=<sp/>0x2,</highlight></codeline>
<codeline lineno="284"><highlight class="normal"></highlight></codeline>
<codeline lineno="285"><highlight class="normal"><sp/><sp/><sp/><sp/></highlight><highlight class="comment">//Return<sp/>&apos;rocblas_status_check_numeric_fail&apos;<sp/>status<sp/>if<sp/>there<sp/>is<sp/>NaN<sp/>or<sp/>Inf</highlight><highlight class="normal"></highlight></codeline>
<codeline lineno="286"><highlight class="normal"><sp/><sp/><sp/><sp/>rocblas_check_numerics_mode_fail<sp/>=<sp/>0x4,</highlight></codeline>
<codeline lineno="287"><highlight class="normal"></highlight></codeline>
<codeline lineno="288"><highlight class="normal">}<sp/>rocblas_check_numerics_mode;</highlight></codeline>
<codeline lineno="289"><highlight class="normal"></highlight></codeline>
<codeline lineno="290"><highlight class="normal"></highlight><highlight class="preprocessor">#endif</highlight></codeline>
    </programlisting>
    <location file="/var/jenkins_home/workspace/lysis_rocBLAS-internal_develop_2/Is6XfxYHY/rocblas/library/include/internal/rocblas-types.h"/>
  </compounddef>
</doxygen>
