<?xml version='1.0' encoding='UTF-8' standalone='no'?>
<doxygen xmlns:xsi="http://www.w3.org/2001/XMLSchema-instance" xsi:noNamespaceSchemaLocation="compound.xsd" version="1.8.18">
  <compounddef id="rocblas-auxiliary_8h" kind="file" language="C++">
    <compoundname>rocblas-auxiliary.h</compoundname>
    <includes local="yes">rocblas-export.h</includes>
    <includes refid="rocblas-types_8h" local="yes">rocblas-types.h</includes>
    <includedby refid="rocblas_8h" local="yes">/var/jenkins_home/workspace/lysis_rocBLAS-internal_develop_2/Is6XfxYHY/rocblas/library/include/rocblas.h</includedby>
    <incdepgraph>
      <node id="8">
        <label>stdbool.h</label>
      </node>
      <node id="10">
        <label>rocblas-complex-types.h</label>
        <link refid="rocblas-complex-types_8h"/>
      </node>
      <node id="1">
        <label>/var/jenkins_home/workspace/lysis_rocBLAS-internal_develop_2/Is6XfxYHY/rocblas/library/include/internal/rocblas-auxiliary.h</label>
        <link refid="rocblas-auxiliary_8h"/>
        <childnode refid="2" relation="include">
        </childnode>
        <childnode refid="3" relation="include">
        </childnode>
      </node>
      <node id="6">
        <label>float.h</label>
      </node>
      <node id="4">
        <label>rocblas_bfloat16.h</label>
        <link refid="rocblas__bfloat16_8h"/>
        <childnode refid="5" relation="include">
        </childnode>
      </node>
      <node id="5">
        <label>stdint.h</label>
      </node>
      <node id="9">
        <label>stddef.h</label>
      </node>
      <node id="2">
        <label>rocblas-export.h</label>
      </node>
      <node id="7">
        <label>math.h</label>
      </node>
      <node id="3">
        <label>rocblas-types.h</label>
        <link refid="rocblas-types_8h"/>
        <childnode refid="2" relation="include">
        </childnode>
        <childnode refid="4" relation="include">
        </childnode>
        <childnode refid="6" relation="include">
        </childnode>
        <childnode refid="7" relation="include">
        </childnode>
        <childnode refid="8" relation="include">
        </childnode>
        <childnode refid="9" relation="include">
        </childnode>
        <childnode refid="5" relation="include">
        </childnode>
        <childnode refid="10" relation="include">
        </childnode>
      </node>
    </incdepgraph>
    <invincdepgraph>
      <node id="1">
        <label>/var/jenkins_home/workspace/lysis_rocBLAS-internal_develop_2/Is6XfxYHY/rocblas/library/include/internal/rocblas-auxiliary.h</label>
        <link refid="rocblas-auxiliary_8h"/>
        <childnode refid="2" relation="include">
        </childnode>
      </node>
      <node id="2">
        <label>/var/jenkins_home/workspace/lysis_rocBLAS-internal_develop_2/Is6XfxYHY/rocblas/library/include/rocblas.h</label>
        <link refid="rocblas_8h"/>
      </node>
    </invincdepgraph>
      <sectiondef kind="define">
      <memberdef kind="define" id="rocblas-auxiliary_8h_1a44e471de29a001846d1658df51922278" prot="public" static="no">
        <name>ROCBLAS_INVOKE_START_STOP_EVENTS</name>
        <param><defname>handle</defname></param>
        <param><defname>startEvent</defname></param>
        <param><defname>stopEvent</defname></param>
        <param><defname>call</defname></param>
        <initializer>    do                                                                        \
    {                                                                         \
        <ref refid="rocblas-types_8h_1a8a4de42139e6ee8ac0ffb496ab43640f" kindref="member">rocblas_handle</ref> tmp_h = (handle);                                      \
        rocblas_set_start_stop_events(tmp_h, (startEvent), (stopEvent));      \
        call;                                                                 \
        rocblas_set_start_stop_events(tmp_h, (hipEvent_t)0, (hipEvent_t)0);   \
    } while(0)</initializer>
        <briefdescription>
        </briefdescription>
        <detaileddescription>
        </detaileddescription>
        <inbodydescription>
        </inbodydescription>
        <location file="/var/jenkins_home/workspace/lysis_rocBLAS-internal_develop_2/Is6XfxYHY/rocblas/library/include/internal/rocblas-auxiliary.h" line="308" column="9" bodyfile="/var/jenkins_home/workspace/lysis_rocBLAS-internal_develop_2/Is6XfxYHY/rocblas/library/include/internal/rocblas-auxiliary.h" bodystart="308" bodyend="-1"/>
      </memberdef>
      </sectiondef>
      <sectiondef kind="func">
      <memberdef kind="function" id="rocblas-auxiliary_8h_1ab158b3ae4dfecd4e151cb122697aae64" prot="public" static="no" const="no" explicit="no" inline="no" virt="non-virtual">
        <type><ref refid="rocblas-types_8h_1aed94086822f2547bddc6182c25749d03" kindref="member">rocblas_status</ref></type>
        <definition>rocblas_status rocblas_create_handle</definition>
        <argsstring>(rocblas_handle *handle)</argsstring>
        <name>rocblas_create_handle</name>
        <param>
          <type><ref refid="rocblas-types_8h_1a8a4de42139e6ee8ac0ffb496ab43640f" kindref="member">rocblas_handle</ref> *</type>
          <declname>handle</declname>
        </param>
        <briefdescription>
<para>create handle </para>
        </briefdescription>
        <detaileddescription>
        </detaileddescription>
        <inbodydescription>
        </inbodydescription>
        <location file="/var/jenkins_home/workspace/lysis_rocBLAS-internal_develop_2/Is6XfxYHY/rocblas/library/include/internal/rocblas-auxiliary.h" line="20" column="17" declfile="/var/jenkins_home/workspace/lysis_rocBLAS-internal_develop_2/Is6XfxYHY/rocblas/library/include/internal/rocblas-auxiliary.h" declline="20" declcolumn="17"/>
      </memberdef>
      <memberdef kind="function" id="rocblas-auxiliary_8h_1a770a77925623df894aae6a89f2736cfb" prot="public" static="no" const="no" explicit="no" inline="no" virt="non-virtual">
        <type><ref refid="rocblas-types_8h_1aed94086822f2547bddc6182c25749d03" kindref="member">rocblas_status</ref></type>
        <definition>rocblas_status rocblas_destroy_handle</definition>
        <argsstring>(rocblas_handle handle)</argsstring>
        <name>rocblas_destroy_handle</name>
        <param>
          <type><ref refid="rocblas-types_8h_1a8a4de42139e6ee8ac0ffb496ab43640f" kindref="member">rocblas_handle</ref></type>
          <declname>handle</declname>
        </param>
        <briefdescription>
<para>destroy handle </para>
        </briefdescription>
        <detaileddescription>
        </detaileddescription>
        <inbodydescription>
        </inbodydescription>
        <location file="/var/jenkins_home/workspace/lysis_rocBLAS-internal_develop_2/Is6XfxYHY/rocblas/library/include/internal/rocblas-auxiliary.h" line="24" column="17" declfile="/var/jenkins_home/workspace/lysis_rocBLAS-internal_develop_2/Is6XfxYHY/rocblas/library/include/internal/rocblas-auxiliary.h" declline="24" declcolumn="17"/>
      </memberdef>
      <memberdef kind="function" id="rocblas-auxiliary_8h_1a616a0c1c5d51c4fbcc296dbcf4b7cd84" prot="public" static="no" const="no" explicit="no" inline="no" virt="non-virtual">
        <type><ref refid="rocblas-types_8h_1aed94086822f2547bddc6182c25749d03" kindref="member">rocblas_status</ref></type>
        <definition>rocblas_status rocblas_set_stream</definition>
        <argsstring>(rocblas_handle handle, hipStream_t stream)</argsstring>
        <name>rocblas_set_stream</name>
        <param>
          <type><ref refid="rocblas-types_8h_1a8a4de42139e6ee8ac0ffb496ab43640f" kindref="member">rocblas_handle</ref></type>
          <declname>handle</declname>
        </param>
        <param>
          <type>hipStream_t</type>
          <declname>stream</declname>
        </param>
        <briefdescription>
<para>set stream for handle </para>
        </briefdescription>
        <detaileddescription>
        </detaileddescription>
        <inbodydescription>
        </inbodydescription>
        <location file="/var/jenkins_home/workspace/lysis_rocBLAS-internal_develop_2/Is6XfxYHY/rocblas/library/include/internal/rocblas-auxiliary.h" line="28" column="17" declfile="/var/jenkins_home/workspace/lysis_rocBLAS-internal_develop_2/Is6XfxYHY/rocblas/library/include/internal/rocblas-auxiliary.h" declline="28" declcolumn="17"/>
      </memberdef>
      <memberdef kind="function" id="rocblas-auxiliary_8h_1a6262bf3ca68ca5cc3ce97d93c34a60aa" prot="public" static="no" const="no" explicit="no" inline="no" virt="non-virtual">
        <type><ref refid="rocblas-types_8h_1aed94086822f2547bddc6182c25749d03" kindref="member">rocblas_status</ref></type>
        <definition>rocblas_status rocblas_get_stream</definition>
        <argsstring>(rocblas_handle handle, hipStream_t *stream)</argsstring>
        <name>rocblas_get_stream</name>
        <param>
          <type><ref refid="rocblas-types_8h_1a8a4de42139e6ee8ac0ffb496ab43640f" kindref="member">rocblas_handle</ref></type>
          <declname>handle</declname>
        </param>
        <param>
          <type>hipStream_t *</type>
          <declname>stream</declname>
        </param>
        <briefdescription>
<para>get stream [0] from handle </para>
        </briefdescription>
        <detaileddescription>
        </detaileddescription>
        <inbodydescription>
        </inbodydescription>
        <location file="/var/jenkins_home/workspace/lysis_rocBLAS-internal_develop_2/Is6XfxYHY/rocblas/library/include/internal/rocblas-auxiliary.h" line="32" column="17" declfile="/var/jenkins_home/workspace/lysis_rocBLAS-internal_develop_2/Is6XfxYHY/rocblas/library/include/internal/rocblas-auxiliary.h" declline="32" declcolumn="17"/>
      </memberdef>
      <memberdef kind="function" id="rocblas-auxiliary_8h_1abde3108c46082924b127a05ff73caa0d" prot="public" static="no" const="no" explicit="no" inline="no" virt="non-virtual">
        <type><ref refid="rocblas-types_8h_1aed94086822f2547bddc6182c25749d03" kindref="member">rocblas_status</ref></type>
        <definition>rocblas_status rocblas_set_pointer_mode</definition>
        <argsstring>(rocblas_handle handle, rocblas_pointer_mode pointer_mode)</argsstring>
        <name>rocblas_set_pointer_mode</name>
        <param>
          <type><ref refid="rocblas-types_8h_1a8a4de42139e6ee8ac0ffb496ab43640f" kindref="member">rocblas_handle</ref></type>
          <declname>handle</declname>
        </param>
        <param>
          <type><ref refid="rocblas-types_8h_1ae9ca87273410f7097508a983d386cba4" kindref="member">rocblas_pointer_mode</ref></type>
          <declname>pointer_mode</declname>
        </param>
        <briefdescription>
<para>set rocblas_pointer_mode </para>
        </briefdescription>
        <detaileddescription>
        </detaileddescription>
        <inbodydescription>
        </inbodydescription>
        <location file="/var/jenkins_home/workspace/lysis_rocBLAS-internal_develop_2/Is6XfxYHY/rocblas/library/include/internal/rocblas-auxiliary.h" line="36" column="17" declfile="/var/jenkins_home/workspace/lysis_rocBLAS-internal_develop_2/Is6XfxYHY/rocblas/library/include/internal/rocblas-auxiliary.h" declline="36" declcolumn="17"/>
      </memberdef>
      <memberdef kind="function" id="rocblas-auxiliary_8h_1ad771fe18bf551190350b617b2cb2da41" prot="public" static="no" const="no" explicit="no" inline="no" virt="non-virtual">
        <type><ref refid="rocblas-types_8h_1aed94086822f2547bddc6182c25749d03" kindref="member">rocblas_status</ref></type>
        <definition>rocblas_status rocblas_get_pointer_mode</definition>
        <argsstring>(rocblas_handle handle, rocblas_pointer_mode *pointer_mode)</argsstring>
        <name>rocblas_get_pointer_mode</name>
        <param>
          <type><ref refid="rocblas-types_8h_1a8a4de42139e6ee8ac0ffb496ab43640f" kindref="member">rocblas_handle</ref></type>
          <declname>handle</declname>
        </param>
        <param>
          <type><ref refid="rocblas-types_8h_1ae9ca87273410f7097508a983d386cba4" kindref="member">rocblas_pointer_mode</ref> *</type>
          <declname>pointer_mode</declname>
        </param>
        <briefdescription>
<para>get rocblas_pointer_mode </para>
        </briefdescription>
        <detaileddescription>
        </detaileddescription>
        <inbodydescription>
        </inbodydescription>
        <location file="/var/jenkins_home/workspace/lysis_rocBLAS-internal_develop_2/Is6XfxYHY/rocblas/library/include/internal/rocblas-auxiliary.h" line="41" column="17" declfile="/var/jenkins_home/workspace/lysis_rocBLAS-internal_develop_2/Is6XfxYHY/rocblas/library/include/internal/rocblas-auxiliary.h" declline="41" declcolumn="17"/>
      </memberdef>
      <memberdef kind="function" id="rocblas-auxiliary_8h_1af13b65f5858cc739a9259d210c0b36f2" prot="public" static="no" const="no" explicit="no" inline="no" virt="non-virtual">
        <type><ref refid="rocblas-types_8h_1aed94086822f2547bddc6182c25749d03" kindref="member">rocblas_status</ref></type>
        <definition>rocblas_status rocblas_set_atomics_mode</definition>
        <argsstring>(rocblas_handle handle, rocblas_atomics_mode atomics_mode)</argsstring>
        <name>rocblas_set_atomics_mode</name>
        <param>
          <type><ref refid="rocblas-types_8h_1a8a4de42139e6ee8ac0ffb496ab43640f" kindref="member">rocblas_handle</ref></type>
          <declname>handle</declname>
        </param>
        <param>
          <type><ref refid="rocblas-types_8h_1ae74ff2cc015e9f1eadf469084947ab02" kindref="member">rocblas_atomics_mode</ref></type>
          <declname>atomics_mode</declname>
        </param>
        <briefdescription>
<para>set rocblas_atomics_mode </para>
        </briefdescription>
        <detaileddescription>
        </detaileddescription>
        <inbodydescription>
        </inbodydescription>
        <location file="/var/jenkins_home/workspace/lysis_rocBLAS-internal_develop_2/Is6XfxYHY/rocblas/library/include/internal/rocblas-auxiliary.h" line="46" column="17" declfile="/var/jenkins_home/workspace/lysis_rocBLAS-internal_develop_2/Is6XfxYHY/rocblas/library/include/internal/rocblas-auxiliary.h" declline="46" declcolumn="17"/>
      </memberdef>
      <memberdef kind="function" id="rocblas-auxiliary_8h_1a08fc0dd075ba9aab1268692a33a72c77" prot="public" static="no" const="no" explicit="no" inline="no" virt="non-virtual">
        <type><ref refid="rocblas-types_8h_1aed94086822f2547bddc6182c25749d03" kindref="member">rocblas_status</ref></type>
        <definition>rocblas_status rocblas_get_atomics_mode</definition>
        <argsstring>(rocblas_handle handle, rocblas_atomics_mode *atomics_mode)</argsstring>
        <name>rocblas_get_atomics_mode</name>
        <param>
          <type><ref refid="rocblas-types_8h_1a8a4de42139e6ee8ac0ffb496ab43640f" kindref="member">rocblas_handle</ref></type>
          <declname>handle</declname>
        </param>
        <param>
          <type><ref refid="rocblas-types_8h_1ae74ff2cc015e9f1eadf469084947ab02" kindref="member">rocblas_atomics_mode</ref> *</type>
          <declname>atomics_mode</declname>
        </param>
        <briefdescription>
<para>get rocblas_atomics_mode </para>
        </briefdescription>
        <detaileddescription>
        </detaileddescription>
        <inbodydescription>
        </inbodydescription>
        <location file="/var/jenkins_home/workspace/lysis_rocBLAS-internal_develop_2/Is6XfxYHY/rocblas/library/include/internal/rocblas-auxiliary.h" line="51" column="17" declfile="/var/jenkins_home/workspace/lysis_rocBLAS-internal_develop_2/Is6XfxYHY/rocblas/library/include/internal/rocblas-auxiliary.h" declline="51" declcolumn="17"/>
      </memberdef>
      <memberdef kind="function" id="rocblas-auxiliary_8h_1a4fd0cae4efbb044f5436ae4131b70b69" prot="public" static="no" const="no" explicit="no" inline="no" virt="non-virtual">
        <type><ref refid="rocblas-types_8h_1aed94086822f2547bddc6182c25749d03" kindref="member">rocblas_status</ref></type>
        <definition>rocblas_status rocblas_query_int8_layout_flag</definition>
        <argsstring>(rocblas_handle handle, rocblas_gemm_flags *flag)</argsstring>
        <name>rocblas_query_int8_layout_flag</name>
        <param>
          <type><ref refid="rocblas-types_8h_1a8a4de42139e6ee8ac0ffb496ab43640f" kindref="member">rocblas_handle</ref></type>
          <declname>handle</declname>
        </param>
        <param>
          <type><ref refid="rocblas-types_8h_1a7c46da5a77c23dc7a59c4aaaf8e66350" kindref="member">rocblas_gemm_flags</ref> *</type>
          <declname>flag</declname>
        </param>
        <briefdescription>
<para>query the preferable supported int8 input layout for gemm </para>
        </briefdescription>
        <detaileddescription>
<para>Indicates the supported int8 input layout for gemm according to the device. If the device supports packed-int8x4 (1) only, output flag is rocblas_gemm_flags_pack_int8x4 and users must bitwise-or your flag with rocblas_gemm_flags_pack_int8x4. If output flag is rocblas_gemm_flags_none (0), then unpacked int8 is preferable and suggested. <parameterlist kind="param"><parameteritem>
<parameternamelist>
<parametername direction="in">handle</parametername>
</parameternamelist>
<parameterdescription>
<para>[rocblas_handle] the handle of device </para>
</parameterdescription>
</parameteritem>
<parameteritem>
<parameternamelist>
<parametername direction="out">flag</parametername>
</parameternamelist>
<parameterdescription>
<para>pointer to rocblas_gemm_flags </para>
</parameterdescription>
</parameteritem>
</parameterlist>
</para>
        </detaileddescription>
        <inbodydescription>
        </inbodydescription>
        <location file="/var/jenkins_home/workspace/lysis_rocBLAS-internal_develop_2/Is6XfxYHY/rocblas/library/include/internal/rocblas-auxiliary.h" line="66" column="17" declfile="/var/jenkins_home/workspace/lysis_rocBLAS-internal_develop_2/Is6XfxYHY/rocblas/library/include/internal/rocblas-auxiliary.h" declline="66" declcolumn="17"/>
      </memberdef>
      <memberdef kind="function" id="rocblas-auxiliary_8h_1a0cffcac0203117f8629338f575265197" prot="public" static="no" const="no" explicit="no" inline="no" virt="non-virtual">
        <type><ref refid="rocblas-types_8h_1ae9ca87273410f7097508a983d386cba4" kindref="member">rocblas_pointer_mode</ref></type>
        <definition>rocblas_pointer_mode rocblas_pointer_to_mode</definition>
        <argsstring>(void *ptr)</argsstring>
        <name>rocblas_pointer_to_mode</name>
        <param>
          <type>void *</type>
          <declname>ptr</declname>
        </param>
        <briefdescription>
<para>Indicates whether the pointer is on the host or device. </para>
        </briefdescription>
        <detaileddescription>
        </detaileddescription>
        <inbodydescription>
        </inbodydescription>
        <location file="/var/jenkins_home/workspace/lysis_rocBLAS-internal_develop_2/Is6XfxYHY/rocblas/library/include/internal/rocblas-auxiliary.h" line="71" column="23" declfile="/var/jenkins_home/workspace/lysis_rocBLAS-internal_develop_2/Is6XfxYHY/rocblas/library/include/internal/rocblas-auxiliary.h" declline="71" declcolumn="23"/>
      </memberdef>
      <memberdef kind="function" id="rocblas-auxiliary_8h_1a210cbe2d76f1e6acab4a0a986278752d" prot="public" static="no" const="no" explicit="no" inline="no" virt="non-virtual">
        <type><ref refid="rocblas-types_8h_1aed94086822f2547bddc6182c25749d03" kindref="member">rocblas_status</ref></type>
        <definition>rocblas_status rocblas_set_vector</definition>
        <argsstring>(rocblas_int n, rocblas_int elem_size, const void *x, rocblas_int incx, void *y, rocblas_int incy)</argsstring>
        <name>rocblas_set_vector</name>
        <param>
          <type>rocblas_int</type>
          <declname>n</declname>
        </param>
        <param>
          <type>rocblas_int</type>
          <declname>elem_size</declname>
        </param>
        <param>
          <type>const void *</type>
          <declname>x</declname>
        </param>
        <param>
          <type>rocblas_int</type>
          <declname>incx</declname>
        </param>
        <param>
          <type>void *</type>
          <declname>y</declname>
        </param>
        <param>
          <type>rocblas_int</type>
          <declname>incy</declname>
        </param>
        <briefdescription>
<para>copy vector from host to device </para>
        </briefdescription>
        <detaileddescription>
<para><parameterlist kind="param"><parameteritem>
<parameternamelist>
<parametername direction="in">n</parametername>
</parameternamelist>
<parameterdescription>
<para>[rocblas_int] number of elements in the vector </para>
</parameterdescription>
</parameteritem>
<parameteritem>
<parameternamelist>
<parametername direction="in">x</parametername>
</parameternamelist>
<parameterdescription>
<para>pointer to vector on the host </para>
</parameterdescription>
</parameteritem>
<parameteritem>
<parameternamelist>
<parametername direction="in">incx</parametername>
</parameternamelist>
<parameterdescription>
<para>[rocblas_int] specifies the increment for the elements of the vector </para>
</parameterdescription>
</parameteritem>
<parameteritem>
<parameternamelist>
<parametername direction="out">y</parametername>
</parameternamelist>
<parameterdescription>
<para>pointer to vector on the device </para>
</parameterdescription>
</parameteritem>
<parameteritem>
<parameternamelist>
<parametername direction="in">incy</parametername>
</parameternamelist>
<parameterdescription>
<para>[rocblas_int] specifies the increment for the elements of the vector </para>
</parameterdescription>
</parameteritem>
</parameterlist>
</para>
        </detaileddescription>
        <inbodydescription>
        </inbodydescription>
        <location file="/var/jenkins_home/workspace/lysis_rocBLAS-internal_develop_2/Is6XfxYHY/rocblas/library/include/internal/rocblas-auxiliary.h" line="88" column="17" declfile="/var/jenkins_home/workspace/lysis_rocBLAS-internal_develop_2/Is6XfxYHY/rocblas/library/include/internal/rocblas-auxiliary.h" declline="88" declcolumn="17"/>
      </memberdef>
      <memberdef kind="function" id="rocblas-auxiliary_8h_1ad9450bad46b19a03b75f24571e756fa6" prot="public" static="no" const="no" explicit="no" inline="no" virt="non-virtual">
        <type><ref refid="rocblas-types_8h_1aed94086822f2547bddc6182c25749d03" kindref="member">rocblas_status</ref></type>
        <definition>rocblas_status rocblas_get_vector</definition>
        <argsstring>(rocblas_int n, rocblas_int elem_size, const void *x, rocblas_int incx, void *y, rocblas_int incy)</argsstring>
        <name>rocblas_get_vector</name>
        <param>
          <type>rocblas_int</type>
          <declname>n</declname>
        </param>
        <param>
          <type>rocblas_int</type>
          <declname>elem_size</declname>
        </param>
        <param>
          <type>const void *</type>
          <declname>x</declname>
        </param>
        <param>
          <type>rocblas_int</type>
          <declname>incx</declname>
        </param>
        <param>
          <type>void *</type>
          <declname>y</declname>
        </param>
        <param>
          <type>rocblas_int</type>
          <declname>incy</declname>
        </param>
        <briefdescription>
<para>copy vector from device to host </para>
        </briefdescription>
        <detaileddescription>
<para><parameterlist kind="param"><parameteritem>
<parameternamelist>
<parametername direction="in">n</parametername>
</parameternamelist>
<parameterdescription>
<para>[rocblas_int] number of elements in the vector </para>
</parameterdescription>
</parameteritem>
<parameteritem>
<parameternamelist>
<parametername direction="in">x</parametername>
</parameternamelist>
<parameterdescription>
<para>pointer to vector on the device </para>
</parameterdescription>
</parameteritem>
<parameteritem>
<parameternamelist>
<parametername direction="in">incx</parametername>
</parameternamelist>
<parameterdescription>
<para>[rocblas_int] specifies the increment for the elements of the vector </para>
</parameterdescription>
</parameteritem>
<parameteritem>
<parameternamelist>
<parametername direction="out">y</parametername>
</parameternamelist>
<parameterdescription>
<para>pointer to vector on the host </para>
</parameterdescription>
</parameteritem>
<parameteritem>
<parameternamelist>
<parametername direction="in">incy</parametername>
</parameternamelist>
<parameterdescription>
<para>[rocblas_int] specifies the increment for the elements of the vector </para>
</parameterdescription>
</parameteritem>
</parameterlist>
</para>
        </detaileddescription>
        <inbodydescription>
        </inbodydescription>
        <location file="/var/jenkins_home/workspace/lysis_rocBLAS-internal_develop_2/Is6XfxYHY/rocblas/library/include/internal/rocblas-auxiliary.h" line="110" column="17" declfile="/var/jenkins_home/workspace/lysis_rocBLAS-internal_develop_2/Is6XfxYHY/rocblas/library/include/internal/rocblas-auxiliary.h" declline="110" declcolumn="17"/>
      </memberdef>
      <memberdef kind="function" id="rocblas-auxiliary_8h_1af6e524dace7291f98a6954faf053bb3d" prot="public" static="no" const="no" explicit="no" inline="no" virt="non-virtual">
        <type><ref refid="rocblas-types_8h_1aed94086822f2547bddc6182c25749d03" kindref="member">rocblas_status</ref></type>
        <definition>rocblas_status rocblas_set_matrix</definition>
        <argsstring>(rocblas_int rows, rocblas_int cols, rocblas_int elem_size, const void *a, rocblas_int lda, void *b, rocblas_int ldb)</argsstring>
        <name>rocblas_set_matrix</name>
        <param>
          <type>rocblas_int</type>
          <declname>rows</declname>
        </param>
        <param>
          <type>rocblas_int</type>
          <declname>cols</declname>
        </param>
        <param>
          <type>rocblas_int</type>
          <declname>elem_size</declname>
        </param>
        <param>
          <type>const void *</type>
          <declname>a</declname>
        </param>
        <param>
          <type>rocblas_int</type>
          <declname>lda</declname>
        </param>
        <param>
          <type>void *</type>
          <declname>b</declname>
        </param>
        <param>
          <type>rocblas_int</type>
          <declname>ldb</declname>
        </param>
        <briefdescription>
<para>copy matrix from host to device </para>
        </briefdescription>
        <detaileddescription>
<para><parameterlist kind="param"><parameteritem>
<parameternamelist>
<parametername direction="in">rows</parametername>
</parameternamelist>
<parameterdescription>
<para>[rocblas_int] number of rows in matrices </para>
</parameterdescription>
</parameteritem>
<parameteritem>
<parameternamelist>
<parametername direction="in">cols</parametername>
</parameternamelist>
<parameterdescription>
<para>[rocblas_int] number of columns in matrices </para>
</parameterdescription>
</parameteritem>
<parameteritem>
<parameternamelist>
<parametername direction="in">elem_size</parametername>
</parameternamelist>
<parameterdescription>
<para>[rocblas_int] number of bytes per element in the matrix </para>
</parameterdescription>
</parameteritem>
<parameteritem>
<parameternamelist>
<parametername direction="in">a</parametername>
</parameternamelist>
<parameterdescription>
<para>pointer to matrix on the host </para>
</parameterdescription>
</parameteritem>
<parameteritem>
<parameternamelist>
<parametername direction="in">lda</parametername>
</parameternamelist>
<parameterdescription>
<para>[rocblas_int] specifies the leading dimension of A, lda &gt;= rows </para>
</parameterdescription>
</parameteritem>
<parameteritem>
<parameternamelist>
<parametername direction="out">b</parametername>
</parameternamelist>
<parameterdescription>
<para>pointer to matrix on the GPU </para>
</parameterdescription>
</parameteritem>
<parameteritem>
<parameternamelist>
<parametername direction="in">ldb</parametername>
</parameternamelist>
<parameterdescription>
<para>[rocblas_int] specifies the leading dimension of B, ldb &gt;= rows </para>
</parameterdescription>
</parameteritem>
</parameterlist>
</para>
        </detaileddescription>
        <inbodydescription>
        </inbodydescription>
        <location file="/var/jenkins_home/workspace/lysis_rocBLAS-internal_develop_2/Is6XfxYHY/rocblas/library/include/internal/rocblas-auxiliary.h" line="138" column="17" declfile="/var/jenkins_home/workspace/lysis_rocBLAS-internal_develop_2/Is6XfxYHY/rocblas/library/include/internal/rocblas-auxiliary.h" declline="138" declcolumn="17"/>
      </memberdef>
      <memberdef kind="function" id="rocblas-auxiliary_8h_1a8ad00abf2e3ece8968c00690778195c8" prot="public" static="no" const="no" explicit="no" inline="no" virt="non-virtual">
        <type><ref refid="rocblas-types_8h_1aed94086822f2547bddc6182c25749d03" kindref="member">rocblas_status</ref></type>
        <definition>rocblas_status rocblas_get_matrix</definition>
        <argsstring>(rocblas_int rows, rocblas_int cols, rocblas_int elem_size, const void *a, rocblas_int lda, void *b, rocblas_int ldb)</argsstring>
        <name>rocblas_get_matrix</name>
        <param>
          <type>rocblas_int</type>
          <declname>rows</declname>
        </param>
        <param>
          <type>rocblas_int</type>
          <declname>cols</declname>
        </param>
        <param>
          <type>rocblas_int</type>
          <declname>elem_size</declname>
        </param>
        <param>
          <type>const void *</type>
          <declname>a</declname>
        </param>
        <param>
          <type>rocblas_int</type>
          <declname>lda</declname>
        </param>
        <param>
          <type>void *</type>
          <declname>b</declname>
        </param>
        <param>
          <type>rocblas_int</type>
          <declname>ldb</declname>
        </param>
        <briefdescription>
<para>copy matrix from device to host </para>
        </briefdescription>
        <detaileddescription>
<para><parameterlist kind="param"><parameteritem>
<parameternamelist>
<parametername direction="in">rows</parametername>
</parameternamelist>
<parameterdescription>
<para>[rocblas_int] number of rows in matrices </para>
</parameterdescription>
</parameteritem>
<parameteritem>
<parameternamelist>
<parametername direction="in">cols</parametername>
</parameternamelist>
<parameterdescription>
<para>[rocblas_int] number of columns in matrices </para>
</parameterdescription>
</parameteritem>
<parameteritem>
<parameternamelist>
<parametername direction="in">elem_size</parametername>
</parameternamelist>
<parameterdescription>
<para>[rocblas_int] number of bytes per element in the matrix </para>
</parameterdescription>
</parameteritem>
<parameteritem>
<parameternamelist>
<parametername direction="in">a</parametername>
</parameternamelist>
<parameterdescription>
<para>pointer to matrix on the GPU </para>
</parameterdescription>
</parameteritem>
<parameteritem>
<parameternamelist>
<parametername direction="in">lda</parametername>
</parameternamelist>
<parameterdescription>
<para>[rocblas_int] specifies the leading dimension of A, lda &gt;= rows </para>
</parameterdescription>
</parameteritem>
<parameteritem>
<parameternamelist>
<parametername direction="out">b</parametername>
</parameternamelist>
<parameterdescription>
<para>pointer to matrix on the host </para>
</parameterdescription>
</parameteritem>
<parameteritem>
<parameternamelist>
<parametername direction="in">ldb</parametername>
</parameternamelist>
<parameterdescription>
<para>[rocblas_int] specifies the leading dimension of B, ldb &gt;= rows </para>
</parameterdescription>
</parameteritem>
</parameterlist>
</para>
        </detaileddescription>
        <inbodydescription>
        </inbodydescription>
        <location file="/var/jenkins_home/workspace/lysis_rocBLAS-internal_develop_2/Is6XfxYHY/rocblas/library/include/internal/rocblas-auxiliary.h" line="167" column="17" declfile="/var/jenkins_home/workspace/lysis_rocBLAS-internal_develop_2/Is6XfxYHY/rocblas/library/include/internal/rocblas-auxiliary.h" declline="167" declcolumn="17"/>
      </memberdef>
      <memberdef kind="function" id="rocblas-auxiliary_8h_1a5eb94555386e0bae8d4607b92b2d5227" prot="public" static="no" const="no" explicit="no" inline="no" virt="non-virtual">
        <type><ref refid="rocblas-types_8h_1aed94086822f2547bddc6182c25749d03" kindref="member">rocblas_status</ref></type>
        <definition>rocblas_status rocblas_set_vector_async</definition>
        <argsstring>(rocblas_int n, rocblas_int elem_size, const void *x, rocblas_int incx, void *y, rocblas_int incy, hipStream_t stream)</argsstring>
        <name>rocblas_set_vector_async</name>
        <param>
          <type>rocblas_int</type>
          <declname>n</declname>
        </param>
        <param>
          <type>rocblas_int</type>
          <declname>elem_size</declname>
        </param>
        <param>
          <type>const void *</type>
          <declname>x</declname>
        </param>
        <param>
          <type>rocblas_int</type>
          <declname>incx</declname>
        </param>
        <param>
          <type>void *</type>
          <declname>y</declname>
        </param>
        <param>
          <type>rocblas_int</type>
          <declname>incy</declname>
        </param>
        <param>
          <type>hipStream_t</type>
          <declname>stream</declname>
        </param>
        <briefdescription>
<para>asynchronously copy vector from host to device </para>
        </briefdescription>
        <detaileddescription>
<para>rocblas_set_vector_async copies a vector from pinned host memory to device memory asynchronously. Memory on the host must be allocated with hipHostMalloc or the transfer will be synchronous. <parameterlist kind="param"><parameteritem>
<parameternamelist>
<parametername direction="in">n</parametername>
</parameternamelist>
<parameterdescription>
<para>[rocblas_int] number of elements in the vector </para>
</parameterdescription>
</parameteritem>
<parameteritem>
<parameternamelist>
<parametername direction="in">x</parametername>
</parameternamelist>
<parameterdescription>
<para>pointer to vector on the host </para>
</parameterdescription>
</parameteritem>
<parameteritem>
<parameternamelist>
<parametername direction="in">incx</parametername>
</parameternamelist>
<parameterdescription>
<para>[rocblas_int] specifies the increment for the elements of the vector </para>
</parameterdescription>
</parameteritem>
<parameteritem>
<parameternamelist>
<parametername direction="out">y</parametername>
</parameternamelist>
<parameterdescription>
<para>pointer to vector on the device </para>
</parameterdescription>
</parameteritem>
<parameteritem>
<parameternamelist>
<parametername direction="in">incy</parametername>
</parameternamelist>
<parameterdescription>
<para>[rocblas_int] specifies the increment for the elements of the vector </para>
</parameterdescription>
</parameteritem>
<parameteritem>
<parameternamelist>
<parametername direction="in">stream</parametername>
</parameternamelist>
<parameterdescription>
<para>specifies the stream into which this transfer request is queued </para>
</parameterdescription>
</parameteritem>
</parameterlist>
</para>
        </detaileddescription>
        <inbodydescription>
        </inbodydescription>
        <location file="/var/jenkins_home/workspace/lysis_rocBLAS-internal_develop_2/Is6XfxYHY/rocblas/library/include/internal/rocblas-auxiliary.h" line="195" column="17" declfile="/var/jenkins_home/workspace/lysis_rocBLAS-internal_develop_2/Is6XfxYHY/rocblas/library/include/internal/rocblas-auxiliary.h" declline="195" declcolumn="17"/>
      </memberdef>
      <memberdef kind="function" id="rocblas-auxiliary_8h_1a6708899438e6ead9770df05904bf1d7f" prot="public" static="no" const="no" explicit="no" inline="no" virt="non-virtual">
        <type><ref refid="rocblas-types_8h_1aed94086822f2547bddc6182c25749d03" kindref="member">rocblas_status</ref></type>
        <definition>rocblas_status rocblas_get_vector_async</definition>
        <argsstring>(rocblas_int n, rocblas_int elem_size, const void *x, rocblas_int incx, void *y, rocblas_int incy, hipStream_t stream)</argsstring>
        <name>rocblas_get_vector_async</name>
        <param>
          <type>rocblas_int</type>
          <declname>n</declname>
        </param>
        <param>
          <type>rocblas_int</type>
          <declname>elem_size</declname>
        </param>
        <param>
          <type>const void *</type>
          <declname>x</declname>
        </param>
        <param>
          <type>rocblas_int</type>
          <declname>incx</declname>
        </param>
        <param>
          <type>void *</type>
          <declname>y</declname>
        </param>
        <param>
          <type>rocblas_int</type>
          <declname>incy</declname>
        </param>
        <param>
          <type>hipStream_t</type>
          <declname>stream</declname>
        </param>
        <briefdescription>
<para>asynchronously copy vector from device to host </para>
        </briefdescription>
        <detaileddescription>
<para>rocblas_get_vector_async copies a vector from pinned host memory to device memory asynchronously. Memory on the host must be allocated with hipHostMalloc or the transfer will be synchronous. <parameterlist kind="param"><parameteritem>
<parameternamelist>
<parametername direction="in">n</parametername>
</parameternamelist>
<parameterdescription>
<para>[rocblas_int] number of elements in the vector </para>
</parameterdescription>
</parameteritem>
<parameteritem>
<parameternamelist>
<parametername direction="in">x</parametername>
</parameternamelist>
<parameterdescription>
<para>pointer to vector on the device </para>
</parameterdescription>
</parameteritem>
<parameteritem>
<parameternamelist>
<parametername direction="in">incx</parametername>
</parameternamelist>
<parameterdescription>
<para>[rocblas_int] specifies the increment for the elements of the vector </para>
</parameterdescription>
</parameteritem>
<parameteritem>
<parameternamelist>
<parametername direction="out">y</parametername>
</parameternamelist>
<parameterdescription>
<para>pointer to vector on the host </para>
</parameterdescription>
</parameteritem>
<parameteritem>
<parameternamelist>
<parametername direction="in">incy</parametername>
</parameternamelist>
<parameterdescription>
<para>[rocblas_int] specifies the increment for the elements of the vector </para>
</parameterdescription>
</parameteritem>
<parameteritem>
<parameternamelist>
<parametername direction="in">stream</parametername>
</parameternamelist>
<parameterdescription>
<para>specifies the stream into which this transfer request is queued </para>
</parameterdescription>
</parameteritem>
</parameterlist>
</para>
        </detaileddescription>
        <inbodydescription>
        </inbodydescription>
        <location file="/var/jenkins_home/workspace/lysis_rocBLAS-internal_develop_2/Is6XfxYHY/rocblas/library/include/internal/rocblas-auxiliary.h" line="223" column="17" declfile="/var/jenkins_home/workspace/lysis_rocBLAS-internal_develop_2/Is6XfxYHY/rocblas/library/include/internal/rocblas-auxiliary.h" declline="223" declcolumn="17"/>
      </memberdef>
      <memberdef kind="function" id="rocblas-auxiliary_8h_1a39443645545aa605b0440ba33133e0c6" prot="public" static="no" const="no" explicit="no" inline="no" virt="non-virtual">
        <type><ref refid="rocblas-types_8h_1aed94086822f2547bddc6182c25749d03" kindref="member">rocblas_status</ref></type>
        <definition>rocblas_status rocblas_set_matrix_async</definition>
        <argsstring>(rocblas_int rows, rocblas_int cols, rocblas_int elem_size, const void *a, rocblas_int lda, void *b, rocblas_int ldb, hipStream_t stream)</argsstring>
        <name>rocblas_set_matrix_async</name>
        <param>
          <type>rocblas_int</type>
          <declname>rows</declname>
        </param>
        <param>
          <type>rocblas_int</type>
          <declname>cols</declname>
        </param>
        <param>
          <type>rocblas_int</type>
          <declname>elem_size</declname>
        </param>
        <param>
          <type>const void *</type>
          <declname>a</declname>
        </param>
        <param>
          <type>rocblas_int</type>
          <declname>lda</declname>
        </param>
        <param>
          <type>void *</type>
          <declname>b</declname>
        </param>
        <param>
          <type>rocblas_int</type>
          <declname>ldb</declname>
        </param>
        <param>
          <type>hipStream_t</type>
          <declname>stream</declname>
        </param>
        <briefdescription>
<para>asynchronously copy matrix from host to device </para>
        </briefdescription>
        <detaileddescription>
<para>rocblas_set_matrix_async copies a matrix from pinned host memory to device memory asynchronously. Memory on the host must be allocated with hipHostMalloc or the transfer will be synchronous. <parameterlist kind="param"><parameteritem>
<parameternamelist>
<parametername direction="in">rows</parametername>
</parameternamelist>
<parameterdescription>
<para>[rocblas_int] number of rows in matrices </para>
</parameterdescription>
</parameteritem>
<parameteritem>
<parameternamelist>
<parametername direction="in">cols</parametername>
</parameternamelist>
<parameterdescription>
<para>[rocblas_int] number of columns in matrices </para>
</parameterdescription>
</parameteritem>
<parameteritem>
<parameternamelist>
<parametername direction="in">elem_size</parametername>
</parameternamelist>
<parameterdescription>
<para>[rocblas_int] number of bytes per element in the matrix </para>
</parameterdescription>
</parameteritem>
<parameteritem>
<parameternamelist>
<parametername direction="in">a</parametername>
</parameternamelist>
<parameterdescription>
<para>pointer to matrix on the host </para>
</parameterdescription>
</parameteritem>
<parameteritem>
<parameternamelist>
<parametername direction="in">lda</parametername>
</parameternamelist>
<parameterdescription>
<para>[rocblas_int] specifies the leading dimension of A, lda &gt;= rows </para>
</parameterdescription>
</parameteritem>
<parameteritem>
<parameternamelist>
<parametername direction="out">b</parametername>
</parameternamelist>
<parameterdescription>
<para>pointer to matrix on the GPU </para>
</parameterdescription>
</parameteritem>
<parameteritem>
<parameternamelist>
<parametername direction="in">ldb</parametername>
</parameternamelist>
<parameterdescription>
<para>[rocblas_int] specifies the leading dimension of B, ldb &gt;= rows </para>
</parameterdescription>
</parameteritem>
<parameteritem>
<parameternamelist>
<parametername direction="in">stream</parametername>
</parameternamelist>
<parameterdescription>
<para>specifies the stream into which this transfer request is queued </para>
</parameterdescription>
</parameteritem>
</parameterlist>
</para>
        </detaileddescription>
        <inbodydescription>
        </inbodydescription>
        <location file="/var/jenkins_home/workspace/lysis_rocBLAS-internal_develop_2/Is6XfxYHY/rocblas/library/include/internal/rocblas-auxiliary.h" line="257" column="17" declfile="/var/jenkins_home/workspace/lysis_rocBLAS-internal_develop_2/Is6XfxYHY/rocblas/library/include/internal/rocblas-auxiliary.h" declline="257" declcolumn="17"/>
      </memberdef>
      <memberdef kind="function" id="rocblas-auxiliary_8h_1af5159377b773320a455f44df097b95f7" prot="public" static="no" const="no" explicit="no" inline="no" virt="non-virtual">
        <type><ref refid="rocblas-types_8h_1aed94086822f2547bddc6182c25749d03" kindref="member">rocblas_status</ref></type>
        <definition>rocblas_status rocblas_get_matrix_async</definition>
        <argsstring>(rocblas_int rows, rocblas_int cols, rocblas_int elem_size, const void *a, rocblas_int lda, void *b, rocblas_int ldb, hipStream_t stream)</argsstring>
        <name>rocblas_get_matrix_async</name>
        <param>
          <type>rocblas_int</type>
          <declname>rows</declname>
        </param>
        <param>
          <type>rocblas_int</type>
          <declname>cols</declname>
        </param>
        <param>
          <type>rocblas_int</type>
          <declname>elem_size</declname>
        </param>
        <param>
          <type>const void *</type>
          <declname>a</declname>
        </param>
        <param>
          <type>rocblas_int</type>
          <declname>lda</declname>
        </param>
        <param>
          <type>void *</type>
          <declname>b</declname>
        </param>
        <param>
          <type>rocblas_int</type>
          <declname>ldb</declname>
        </param>
        <param>
          <type>hipStream_t</type>
          <declname>stream</declname>
        </param>
        <briefdescription>
<para>asynchronously copy matrix from device to host </para>
        </briefdescription>
        <detaileddescription>
<para>rocblas_get_matrix_async copies a matrix from device memory to pinned host memory asynchronously. Memory on the host must be allocated with hipHostMalloc or the transfer will be synchronous. <parameterlist kind="param"><parameteritem>
<parameternamelist>
<parametername direction="in">rows</parametername>
</parameternamelist>
<parameterdescription>
<para>[rocblas_int] number of rows in matrices </para>
</parameterdescription>
</parameteritem>
<parameteritem>
<parameternamelist>
<parametername direction="in">cols</parametername>
</parameternamelist>
<parameterdescription>
<para>[rocblas_int] number of columns in matrices </para>
</parameterdescription>
</parameteritem>
<parameteritem>
<parameternamelist>
<parametername direction="in">elem_size</parametername>
</parameternamelist>
<parameterdescription>
<para>[rocblas_int] number of bytes per element in the matrix </para>
</parameterdescription>
</parameteritem>
<parameteritem>
<parameternamelist>
<parametername direction="in">a</parametername>
</parameternamelist>
<parameterdescription>
<para>pointer to matrix on the GPU </para>
</parameterdescription>
</parameteritem>
<parameteritem>
<parameternamelist>
<parametername direction="in">lda</parametername>
</parameternamelist>
<parameterdescription>
<para>[rocblas_int] specifies the leading dimension of A, lda &gt;= rows </para>
</parameterdescription>
</parameteritem>
<parameteritem>
<parameternamelist>
<parametername direction="out">b</parametername>
</parameternamelist>
<parameterdescription>
<para>pointer to matrix on the host </para>
</parameterdescription>
</parameteritem>
<parameteritem>
<parameternamelist>
<parametername direction="in">ldb</parametername>
</parameternamelist>
<parameterdescription>
<para>[rocblas_int] specifies the leading dimension of B, ldb &gt;= rows </para>
</parameterdescription>
</parameteritem>
<parameteritem>
<parameternamelist>
<parametername direction="in">stream</parametername>
</parameternamelist>
<parameterdescription>
<para>specifies the stream into which this transfer request is queued </para>
</parameterdescription>
</parameteritem>
</parameterlist>
</para>
        </detaileddescription>
        <inbodydescription>
        </inbodydescription>
        <location file="/var/jenkins_home/workspace/lysis_rocBLAS-internal_develop_2/Is6XfxYHY/rocblas/library/include/internal/rocblas-auxiliary.h" line="292" column="17" declfile="/var/jenkins_home/workspace/lysis_rocBLAS-internal_develop_2/Is6XfxYHY/rocblas/library/include/internal/rocblas-auxiliary.h" declline="292" declcolumn="17"/>
      </memberdef>
      <memberdef kind="function" id="rocblas-auxiliary_8h_1aade8be3b189c87e8e754f98116b9c2a8" prot="public" static="no" const="no" explicit="no" inline="no" virt="non-virtual">
        <type><ref refid="rocblas-types_8h_1aed94086822f2547bddc6182c25749d03" kindref="member">rocblas_status</ref></type>
        <definition>rocblas_status rocblas_set_start_stop_events</definition>
        <argsstring>(rocblas_handle handle, hipEvent_t startEvent, hipEvent_t stopEvent)</argsstring>
        <name>rocblas_set_start_stop_events</name>
        <param>
          <type><ref refid="rocblas-types_8h_1a8a4de42139e6ee8ac0ffb496ab43640f" kindref="member">rocblas_handle</ref></type>
          <declname>handle</declname>
        </param>
        <param>
          <type>hipEvent_t</type>
          <declname>startEvent</declname>
        </param>
        <param>
          <type>hipEvent_t</type>
          <declname>stopEvent</declname>
        </param>
        <briefdescription>
        </briefdescription>
        <detaileddescription>
        </detaileddescription>
        <inbodydescription>
        </inbodydescription>
        <location file="/var/jenkins_home/workspace/lysis_rocBLAS-internal_develop_2/Is6XfxYHY/rocblas/library/include/internal/rocblas-auxiliary.h" line="304" column="17" declfile="/var/jenkins_home/workspace/lysis_rocBLAS-internal_develop_2/Is6XfxYHY/rocblas/library/include/internal/rocblas-auxiliary.h" declline="304" declcolumn="17"/>
      </memberdef>
      <memberdef kind="function" id="rocblas-auxiliary_8h_1ad96a1d00be0618cbc7cb994fe1571460" prot="public" static="no" const="no" explicit="no" inline="no" virt="non-virtual">
        <type><ref refid="rocblas-types_8h_1aed94086822f2547bddc6182c25749d03" kindref="member">rocblas_status</ref></type>
        <definition>rocblas_status rocblas_set_solution_fitness_query</definition>
        <argsstring>(rocblas_handle handle, double *fitness)</argsstring>
        <name>rocblas_set_solution_fitness_query</name>
        <param>
          <type><ref refid="rocblas-types_8h_1a8a4de42139e6ee8ac0ffb496ab43640f" kindref="member">rocblas_handle</ref></type>
          <declname>handle</declname>
        </param>
        <param>
          <type>double *</type>
          <declname>fitness</declname>
        </param>
        <briefdescription>
        </briefdescription>
        <detaileddescription>
        </detaileddescription>
        <inbodydescription>
        </inbodydescription>
        <location file="/var/jenkins_home/workspace/lysis_rocBLAS-internal_develop_2/Is6XfxYHY/rocblas/library/include/internal/rocblas-auxiliary.h" line="318" column="17" declfile="/var/jenkins_home/workspace/lysis_rocBLAS-internal_develop_2/Is6XfxYHY/rocblas/library/include/internal/rocblas-auxiliary.h" declline="318" declcolumn="17"/>
      </memberdef>
      <memberdef kind="function" id="rocblas-auxiliary_8h_1a85edd23df1f19a7778ce6934342bd2c6" prot="public" static="no" const="no" explicit="no" inline="no" virt="non-virtual">
        <type><ref refid="rocblas-types_8h_1aed94086822f2547bddc6182c25749d03" kindref="member">rocblas_status</ref></type>
        <definition>rocblas_status rocblas_set_performance_metric</definition>
        <argsstring>(rocblas_handle handle, rocblas_performance_metric metric)</argsstring>
        <name>rocblas_set_performance_metric</name>
        <param>
          <type><ref refid="rocblas-types_8h_1a8a4de42139e6ee8ac0ffb496ab43640f" kindref="member">rocblas_handle</ref></type>
          <declname>handle</declname>
        </param>
        <param>
          <type><ref refid="rocblas-types_8h_1ad84e70795b28c9152edd9d71dff38206" kindref="member">rocblas_performance_metric</ref></type>
          <declname>metric</declname>
        </param>
        <briefdescription>
<para>specifies the performance metric that solution selection uses </para>
        </briefdescription>
        <detaileddescription>
<para>Determines which performance metric will be used by Tensile when selecting the optimal solution for gemm problems. If a valid solution benchmarked for this performance metric does not exist for a problem, Tensile will default to a solution benchmarked for overall performance instead. <parameterlist kind="param"><parameteritem>
<parameternamelist>
<parametername direction="in">handle</parametername>
</parameternamelist>
<parameterdescription>
<para>[rocblas_handle] the handle of device </para>
</parameterdescription>
</parameteritem>
<parameteritem>
<parameternamelist>
<parametername direction="in">metric</parametername>
</parameternamelist>
<parameterdescription>
<para>[rocblas_performance_metric] the performance metric to be used </para>
</parameterdescription>
</parameteritem>
</parameterlist>
</para>
        </detaileddescription>
        <inbodydescription>
        </inbodydescription>
        <location file="/var/jenkins_home/workspace/lysis_rocBLAS-internal_develop_2/Is6XfxYHY/rocblas/library/include/internal/rocblas-auxiliary.h" line="333" column="17" declfile="/var/jenkins_home/workspace/lysis_rocBLAS-internal_develop_2/Is6XfxYHY/rocblas/library/include/internal/rocblas-auxiliary.h" declline="333" declcolumn="17"/>
      </memberdef>
      <memberdef kind="function" id="rocblas-auxiliary_8h_1a02931c462e6548a3ae02b40835eb0bcc" prot="public" static="no" const="no" explicit="no" inline="no" virt="non-virtual">
        <type><ref refid="rocblas-types_8h_1aed94086822f2547bddc6182c25749d03" kindref="member">rocblas_status</ref></type>
        <definition>rocblas_status rocblas_get_performance_metric</definition>
        <argsstring>(rocblas_handle handle, rocblas_performance_metric *metric)</argsstring>
        <name>rocblas_get_performance_metric</name>
        <param>
          <type><ref refid="rocblas-types_8h_1a8a4de42139e6ee8ac0ffb496ab43640f" kindref="member">rocblas_handle</ref></type>
          <declname>handle</declname>
        </param>
        <param>
          <type><ref refid="rocblas-types_8h_1ad84e70795b28c9152edd9d71dff38206" kindref="member">rocblas_performance_metric</ref> *</type>
          <declname>metric</declname>
        </param>
        <briefdescription>
<para>returns the performance metric being used for solution selection </para>
        </briefdescription>
        <detaileddescription>
<para>Returns the performance metric used by Tensile to select the optimal solution for gemm problems. <parameterlist kind="param"><parameteritem>
<parameternamelist>
<parametername direction="in">handle</parametername>
</parameternamelist>
<parameterdescription>
<para>[rocblas_handle] the handle of device </para>
</parameterdescription>
</parameteritem>
<parameteritem>
<parameternamelist>
<parametername direction="out">metric</parametername>
</parameternamelist>
<parameterdescription>
<para>[rocblas_performance_metric*] pointer to where the metric will be stored </para>
</parameterdescription>
</parameteritem>
</parameterlist>
</para>
        </detaileddescription>
        <inbodydescription>
        </inbodydescription>
        <location file="/var/jenkins_home/workspace/lysis_rocBLAS-internal_develop_2/Is6XfxYHY/rocblas/library/include/internal/rocblas-auxiliary.h" line="345" column="17" declfile="/var/jenkins_home/workspace/lysis_rocBLAS-internal_develop_2/Is6XfxYHY/rocblas/library/include/internal/rocblas-auxiliary.h" declline="345" declcolumn="17"/>
      </memberdef>
      </sectiondef>
    <briefdescription>
<para><ref refid="rocblas-auxiliary_8h" kindref="compound">rocblas-auxiliary.h</ref> provides auxilary functions in rocblas </para>
    </briefdescription>
    <detaileddescription>
    </detaileddescription>
    <programlisting>
<codeline lineno="1"><highlight class="comment">/*<sp/>************************************************************************</highlight></codeline>
<codeline lineno="2"><highlight class="comment"><sp/>*<sp/>Copyright<sp/>2016-2021<sp/>Advanced<sp/>Micro<sp/>Devices,<sp/>Inc.</highlight></codeline>
<codeline lineno="3"><highlight class="comment"><sp/>*<sp/>************************************************************************<sp/>*/</highlight><highlight class="normal"></highlight></codeline>
<codeline lineno="4"><highlight class="normal"></highlight></codeline>
<codeline lineno="5"><highlight class="normal"></highlight><highlight class="preprocessor">#ifndef<sp/>_ROCBLAS_AUXILIARY_H_</highlight><highlight class="normal"></highlight></codeline>
<codeline lineno="6"><highlight class="normal"></highlight><highlight class="preprocessor">#define<sp/>_ROCBLAS_AUXILIARY_H_</highlight><highlight class="normal"></highlight></codeline>
<codeline lineno="7"><highlight class="normal"></highlight><highlight class="preprocessor">#include<sp/>&quot;rocblas-export.h&quot;</highlight><highlight class="normal"></highlight></codeline>
<codeline lineno="8"><highlight class="normal"></highlight><highlight class="preprocessor">#include<sp/>&quot;<ref refid="rocblas-types_8h" kindref="compound">rocblas-types.h</ref>&quot;</highlight><highlight class="normal"></highlight></codeline>
<codeline lineno="9"><highlight class="normal"></highlight></codeline>
<codeline lineno="14"><highlight class="preprocessor">#ifdef<sp/>__cplusplus</highlight><highlight class="normal"></highlight></codeline>
<codeline lineno="15"><highlight class="normal"></highlight><highlight class="keyword">extern</highlight><highlight class="normal"><sp/></highlight><highlight class="stringliteral">&quot;C&quot;</highlight><highlight class="normal"><sp/>{</highlight></codeline>
<codeline lineno="16"><highlight class="normal"></highlight><highlight class="preprocessor">#endif</highlight><highlight class="normal"></highlight></codeline>
<codeline lineno="17"><highlight class="normal"></highlight></codeline>
<codeline lineno="20" refid="rocblas-auxiliary_8h_1ab158b3ae4dfecd4e151cb122697aae64" refkind="member"><highlight class="normal">ROCBLAS_EXPORT<sp/><ref refid="rocblas-types_8h_1aed94086822f2547bddc6182c25749d03" kindref="member">rocblas_status</ref><sp/><ref refid="rocblas-auxiliary_8h_1ab158b3ae4dfecd4e151cb122697aae64" kindref="member">rocblas_create_handle</ref>(<ref refid="rocblas-types_8h_1a8a4de42139e6ee8ac0ffb496ab43640f" kindref="member">rocblas_handle</ref>*<sp/>handle);</highlight></codeline>
<codeline lineno="21"><highlight class="normal"></highlight></codeline>
<codeline lineno="24" refid="rocblas-auxiliary_8h_1a770a77925623df894aae6a89f2736cfb" refkind="member"><highlight class="normal">ROCBLAS_EXPORT<sp/><ref refid="rocblas-types_8h_1aed94086822f2547bddc6182c25749d03" kindref="member">rocblas_status</ref><sp/><ref refid="rocblas-auxiliary_8h_1a770a77925623df894aae6a89f2736cfb" kindref="member">rocblas_destroy_handle</ref>(<ref refid="rocblas-types_8h_1a8a4de42139e6ee8ac0ffb496ab43640f" kindref="member">rocblas_handle</ref><sp/>handle);</highlight></codeline>
<codeline lineno="25"><highlight class="normal"></highlight></codeline>
<codeline lineno="28" refid="rocblas-auxiliary_8h_1a616a0c1c5d51c4fbcc296dbcf4b7cd84" refkind="member"><highlight class="normal">ROCBLAS_EXPORT<sp/><ref refid="rocblas-types_8h_1aed94086822f2547bddc6182c25749d03" kindref="member">rocblas_status</ref><sp/><ref refid="rocblas-auxiliary_8h_1a616a0c1c5d51c4fbcc296dbcf4b7cd84" kindref="member">rocblas_set_stream</ref>(<ref refid="rocblas-types_8h_1a8a4de42139e6ee8ac0ffb496ab43640f" kindref="member">rocblas_handle</ref><sp/>handle,<sp/>hipStream_t<sp/>stream);</highlight></codeline>
<codeline lineno="29"><highlight class="normal"></highlight></codeline>
<codeline lineno="32" refid="rocblas-auxiliary_8h_1a6262bf3ca68ca5cc3ce97d93c34a60aa" refkind="member"><highlight class="normal">ROCBLAS_EXPORT<sp/><ref refid="rocblas-types_8h_1aed94086822f2547bddc6182c25749d03" kindref="member">rocblas_status</ref><sp/><ref refid="rocblas-auxiliary_8h_1a6262bf3ca68ca5cc3ce97d93c34a60aa" kindref="member">rocblas_get_stream</ref>(<ref refid="rocblas-types_8h_1a8a4de42139e6ee8ac0ffb496ab43640f" kindref="member">rocblas_handle</ref><sp/>handle,<sp/>hipStream_t*<sp/>stream);</highlight></codeline>
<codeline lineno="33"><highlight class="normal"></highlight></codeline>
<codeline lineno="36" refid="rocblas-auxiliary_8h_1abde3108c46082924b127a05ff73caa0d" refkind="member"><highlight class="normal">ROCBLAS_EXPORT<sp/><ref refid="rocblas-types_8h_1aed94086822f2547bddc6182c25749d03" kindref="member">rocblas_status</ref><sp/><ref refid="rocblas-auxiliary_8h_1abde3108c46082924b127a05ff73caa0d" kindref="member">rocblas_set_pointer_mode</ref>(<ref refid="rocblas-types_8h_1a8a4de42139e6ee8ac0ffb496ab43640f" kindref="member">rocblas_handle</ref><sp/><sp/><sp/><sp/><sp/><sp/><sp/>handle,</highlight></codeline>
<codeline lineno="37"><highlight class="normal"><sp/><sp/><sp/><sp/><sp/><sp/><sp/><sp/><sp/><sp/><sp/><sp/><sp/><sp/><sp/><sp/><sp/><sp/><sp/><sp/><sp/><sp/><sp/><sp/><sp/><sp/><sp/><sp/><sp/><sp/><sp/><sp/><sp/><sp/><sp/><sp/><sp/><sp/><sp/><sp/><sp/><sp/><sp/><sp/><sp/><sp/><sp/><sp/><sp/><sp/><sp/><sp/><sp/><sp/><sp/><ref refid="rocblas-types_8h_1ae9ca87273410f7097508a983d386cba4" kindref="member">rocblas_pointer_mode</ref><sp/>pointer_mode);</highlight></codeline>
<codeline lineno="38"><highlight class="normal"></highlight></codeline>
<codeline lineno="41" refid="rocblas-auxiliary_8h_1ad771fe18bf551190350b617b2cb2da41" refkind="member"><highlight class="normal">ROCBLAS_EXPORT<sp/><ref refid="rocblas-types_8h_1aed94086822f2547bddc6182c25749d03" kindref="member">rocblas_status</ref><sp/><ref refid="rocblas-auxiliary_8h_1ad771fe18bf551190350b617b2cb2da41" kindref="member">rocblas_get_pointer_mode</ref>(<ref refid="rocblas-types_8h_1a8a4de42139e6ee8ac0ffb496ab43640f" kindref="member">rocblas_handle</ref><sp/><sp/><sp/><sp/><sp/><sp/><sp/><sp/>handle,</highlight></codeline>
<codeline lineno="42"><highlight class="normal"><sp/><sp/><sp/><sp/><sp/><sp/><sp/><sp/><sp/><sp/><sp/><sp/><sp/><sp/><sp/><sp/><sp/><sp/><sp/><sp/><sp/><sp/><sp/><sp/><sp/><sp/><sp/><sp/><sp/><sp/><sp/><sp/><sp/><sp/><sp/><sp/><sp/><sp/><sp/><sp/><sp/><sp/><sp/><sp/><sp/><sp/><sp/><sp/><sp/><sp/><sp/><sp/><sp/><sp/><sp/><ref refid="rocblas-types_8h_1ae9ca87273410f7097508a983d386cba4" kindref="member">rocblas_pointer_mode</ref>*<sp/>pointer_mode);</highlight></codeline>
<codeline lineno="43"><highlight class="normal"></highlight></codeline>
<codeline lineno="46" refid="rocblas-auxiliary_8h_1af13b65f5858cc739a9259d210c0b36f2" refkind="member"><highlight class="normal">ROCBLAS_EXPORT<sp/><ref refid="rocblas-types_8h_1aed94086822f2547bddc6182c25749d03" kindref="member">rocblas_status</ref><sp/><ref refid="rocblas-auxiliary_8h_1af13b65f5858cc739a9259d210c0b36f2" kindref="member">rocblas_set_atomics_mode</ref>(<ref refid="rocblas-types_8h_1a8a4de42139e6ee8ac0ffb496ab43640f" kindref="member">rocblas_handle</ref><sp/><sp/><sp/><sp/><sp/><sp/><sp/>handle,</highlight></codeline>
<codeline lineno="47"><highlight class="normal"><sp/><sp/><sp/><sp/><sp/><sp/><sp/><sp/><sp/><sp/><sp/><sp/><sp/><sp/><sp/><sp/><sp/><sp/><sp/><sp/><sp/><sp/><sp/><sp/><sp/><sp/><sp/><sp/><sp/><sp/><sp/><sp/><sp/><sp/><sp/><sp/><sp/><sp/><sp/><sp/><sp/><sp/><sp/><sp/><sp/><sp/><sp/><sp/><sp/><sp/><sp/><sp/><sp/><sp/><sp/><ref refid="rocblas-types_8h_1ae74ff2cc015e9f1eadf469084947ab02" kindref="member">rocblas_atomics_mode</ref><sp/>atomics_mode);</highlight></codeline>
<codeline lineno="48"><highlight class="normal"></highlight></codeline>
<codeline lineno="51" refid="rocblas-auxiliary_8h_1a08fc0dd075ba9aab1268692a33a72c77" refkind="member"><highlight class="normal">ROCBLAS_EXPORT<sp/><ref refid="rocblas-types_8h_1aed94086822f2547bddc6182c25749d03" kindref="member">rocblas_status</ref><sp/><ref refid="rocblas-auxiliary_8h_1a08fc0dd075ba9aab1268692a33a72c77" kindref="member">rocblas_get_atomics_mode</ref>(<ref refid="rocblas-types_8h_1a8a4de42139e6ee8ac0ffb496ab43640f" kindref="member">rocblas_handle</ref><sp/><sp/><sp/><sp/><sp/><sp/><sp/><sp/>handle,</highlight></codeline>
<codeline lineno="52"><highlight class="normal"><sp/><sp/><sp/><sp/><sp/><sp/><sp/><sp/><sp/><sp/><sp/><sp/><sp/><sp/><sp/><sp/><sp/><sp/><sp/><sp/><sp/><sp/><sp/><sp/><sp/><sp/><sp/><sp/><sp/><sp/><sp/><sp/><sp/><sp/><sp/><sp/><sp/><sp/><sp/><sp/><sp/><sp/><sp/><sp/><sp/><sp/><sp/><sp/><sp/><sp/><sp/><sp/><sp/><sp/><sp/><ref refid="rocblas-types_8h_1ae74ff2cc015e9f1eadf469084947ab02" kindref="member">rocblas_atomics_mode</ref>*<sp/>atomics_mode);</highlight></codeline>
<codeline lineno="53"><highlight class="normal"></highlight></codeline>
<codeline lineno="66" refid="rocblas-auxiliary_8h_1a4fd0cae4efbb044f5436ae4131b70b69" refkind="member"><highlight class="normal">ROCBLAS_EXPORT<sp/><ref refid="rocblas-types_8h_1aed94086822f2547bddc6182c25749d03" kindref="member">rocblas_status</ref><sp/><ref refid="rocblas-auxiliary_8h_1a4fd0cae4efbb044f5436ae4131b70b69" kindref="member">rocblas_query_int8_layout_flag</ref>(<ref refid="rocblas-types_8h_1a8a4de42139e6ee8ac0ffb496ab43640f" kindref="member">rocblas_handle</ref><sp/><sp/><sp/><sp/><sp/><sp/>handle,</highlight></codeline>
<codeline lineno="67"><highlight class="normal"><sp/><sp/><sp/><sp/><sp/><sp/><sp/><sp/><sp/><sp/><sp/><sp/><sp/><sp/><sp/><sp/><sp/><sp/><sp/><sp/><sp/><sp/><sp/><sp/><sp/><sp/><sp/><sp/><sp/><sp/><sp/><sp/><sp/><sp/><sp/><sp/><sp/><sp/><sp/><sp/><sp/><sp/><sp/><sp/><sp/><sp/><sp/><sp/><sp/><sp/><sp/><sp/><sp/><sp/><sp/><sp/><sp/><sp/><sp/><sp/><sp/><ref refid="rocblas-types_8h_1a7c46da5a77c23dc7a59c4aaaf8e66350" kindref="member">rocblas_gemm_flags</ref>*<sp/>flag);</highlight></codeline>
<codeline lineno="68"><highlight class="normal"></highlight></codeline>
<codeline lineno="71" refid="rocblas-auxiliary_8h_1a0cffcac0203117f8629338f575265197" refkind="member"><highlight class="normal">ROCBLAS_EXPORT<sp/><ref refid="rocblas-types_8h_1ae9ca87273410f7097508a983d386cba4" kindref="member">rocblas_pointer_mode</ref><sp/><ref refid="rocblas-auxiliary_8h_1a0cffcac0203117f8629338f575265197" kindref="member">rocblas_pointer_to_mode</ref>(</highlight><highlight class="keywordtype">void</highlight><highlight class="normal">*<sp/>ptr);</highlight></codeline>
<codeline lineno="72"><highlight class="normal"></highlight></codeline>
<codeline lineno="88" refid="rocblas-auxiliary_8h_1a210cbe2d76f1e6acab4a0a986278752d" refkind="member"><highlight class="normal">ROCBLAS_EXPORT<sp/><ref refid="rocblas-types_8h_1aed94086822f2547bddc6182c25749d03" kindref="member">rocblas_status</ref><sp/><ref refid="rocblas-auxiliary_8h_1a210cbe2d76f1e6acab4a0a986278752d" kindref="member">rocblas_set_vector</ref>(rocblas_int<sp/>n,</highlight></codeline>
<codeline lineno="89"><highlight class="normal"><sp/><sp/><sp/><sp/><sp/><sp/><sp/><sp/><sp/><sp/><sp/><sp/><sp/><sp/><sp/><sp/><sp/><sp/><sp/><sp/><sp/><sp/><sp/><sp/><sp/><sp/><sp/><sp/><sp/><sp/><sp/><sp/><sp/><sp/><sp/><sp/><sp/><sp/><sp/><sp/><sp/><sp/><sp/><sp/><sp/><sp/><sp/><sp/><sp/>rocblas_int<sp/>elem_size,</highlight></codeline>
<codeline lineno="90"><highlight class="normal"><sp/><sp/><sp/><sp/><sp/><sp/><sp/><sp/><sp/><sp/><sp/><sp/><sp/><sp/><sp/><sp/><sp/><sp/><sp/><sp/><sp/><sp/><sp/><sp/><sp/><sp/><sp/><sp/><sp/><sp/><sp/><sp/><sp/><sp/><sp/><sp/><sp/><sp/><sp/><sp/><sp/><sp/><sp/><sp/><sp/><sp/><sp/><sp/><sp/></highlight><highlight class="keyword">const</highlight><highlight class="normal"><sp/></highlight><highlight class="keywordtype">void</highlight><highlight class="normal">*<sp/>x,</highlight></codeline>
<codeline lineno="91"><highlight class="normal"><sp/><sp/><sp/><sp/><sp/><sp/><sp/><sp/><sp/><sp/><sp/><sp/><sp/><sp/><sp/><sp/><sp/><sp/><sp/><sp/><sp/><sp/><sp/><sp/><sp/><sp/><sp/><sp/><sp/><sp/><sp/><sp/><sp/><sp/><sp/><sp/><sp/><sp/><sp/><sp/><sp/><sp/><sp/><sp/><sp/><sp/><sp/><sp/><sp/>rocblas_int<sp/>incx,</highlight></codeline>
<codeline lineno="92"><highlight class="normal"><sp/><sp/><sp/><sp/><sp/><sp/><sp/><sp/><sp/><sp/><sp/><sp/><sp/><sp/><sp/><sp/><sp/><sp/><sp/><sp/><sp/><sp/><sp/><sp/><sp/><sp/><sp/><sp/><sp/><sp/><sp/><sp/><sp/><sp/><sp/><sp/><sp/><sp/><sp/><sp/><sp/><sp/><sp/><sp/><sp/><sp/><sp/><sp/><sp/></highlight><highlight class="keywordtype">void</highlight><highlight class="normal">*<sp/><sp/><sp/><sp/><sp/><sp/><sp/>y,</highlight></codeline>
<codeline lineno="93"><highlight class="normal"><sp/><sp/><sp/><sp/><sp/><sp/><sp/><sp/><sp/><sp/><sp/><sp/><sp/><sp/><sp/><sp/><sp/><sp/><sp/><sp/><sp/><sp/><sp/><sp/><sp/><sp/><sp/><sp/><sp/><sp/><sp/><sp/><sp/><sp/><sp/><sp/><sp/><sp/><sp/><sp/><sp/><sp/><sp/><sp/><sp/><sp/><sp/><sp/><sp/>rocblas_int<sp/>incy);</highlight></codeline>
<codeline lineno="94"><highlight class="normal"></highlight></codeline>
<codeline lineno="110" refid="rocblas-auxiliary_8h_1ad9450bad46b19a03b75f24571e756fa6" refkind="member"><highlight class="normal">ROCBLAS_EXPORT<sp/><ref refid="rocblas-types_8h_1aed94086822f2547bddc6182c25749d03" kindref="member">rocblas_status</ref><sp/><ref refid="rocblas-auxiliary_8h_1ad9450bad46b19a03b75f24571e756fa6" kindref="member">rocblas_get_vector</ref>(rocblas_int<sp/>n,</highlight></codeline>
<codeline lineno="111"><highlight class="normal"><sp/><sp/><sp/><sp/><sp/><sp/><sp/><sp/><sp/><sp/><sp/><sp/><sp/><sp/><sp/><sp/><sp/><sp/><sp/><sp/><sp/><sp/><sp/><sp/><sp/><sp/><sp/><sp/><sp/><sp/><sp/><sp/><sp/><sp/><sp/><sp/><sp/><sp/><sp/><sp/><sp/><sp/><sp/><sp/><sp/><sp/><sp/><sp/><sp/>rocblas_int<sp/>elem_size,</highlight></codeline>
<codeline lineno="112"><highlight class="normal"><sp/><sp/><sp/><sp/><sp/><sp/><sp/><sp/><sp/><sp/><sp/><sp/><sp/><sp/><sp/><sp/><sp/><sp/><sp/><sp/><sp/><sp/><sp/><sp/><sp/><sp/><sp/><sp/><sp/><sp/><sp/><sp/><sp/><sp/><sp/><sp/><sp/><sp/><sp/><sp/><sp/><sp/><sp/><sp/><sp/><sp/><sp/><sp/><sp/></highlight><highlight class="keyword">const</highlight><highlight class="normal"><sp/></highlight><highlight class="keywordtype">void</highlight><highlight class="normal">*<sp/>x,</highlight></codeline>
<codeline lineno="113"><highlight class="normal"><sp/><sp/><sp/><sp/><sp/><sp/><sp/><sp/><sp/><sp/><sp/><sp/><sp/><sp/><sp/><sp/><sp/><sp/><sp/><sp/><sp/><sp/><sp/><sp/><sp/><sp/><sp/><sp/><sp/><sp/><sp/><sp/><sp/><sp/><sp/><sp/><sp/><sp/><sp/><sp/><sp/><sp/><sp/><sp/><sp/><sp/><sp/><sp/><sp/>rocblas_int<sp/>incx,</highlight></codeline>
<codeline lineno="114"><highlight class="normal"><sp/><sp/><sp/><sp/><sp/><sp/><sp/><sp/><sp/><sp/><sp/><sp/><sp/><sp/><sp/><sp/><sp/><sp/><sp/><sp/><sp/><sp/><sp/><sp/><sp/><sp/><sp/><sp/><sp/><sp/><sp/><sp/><sp/><sp/><sp/><sp/><sp/><sp/><sp/><sp/><sp/><sp/><sp/><sp/><sp/><sp/><sp/><sp/><sp/></highlight><highlight class="keywordtype">void</highlight><highlight class="normal">*<sp/><sp/><sp/><sp/><sp/><sp/><sp/>y,</highlight></codeline>
<codeline lineno="115"><highlight class="normal"><sp/><sp/><sp/><sp/><sp/><sp/><sp/><sp/><sp/><sp/><sp/><sp/><sp/><sp/><sp/><sp/><sp/><sp/><sp/><sp/><sp/><sp/><sp/><sp/><sp/><sp/><sp/><sp/><sp/><sp/><sp/><sp/><sp/><sp/><sp/><sp/><sp/><sp/><sp/><sp/><sp/><sp/><sp/><sp/><sp/><sp/><sp/><sp/><sp/>rocblas_int<sp/>incy);</highlight></codeline>
<codeline lineno="116"><highlight class="normal"></highlight></codeline>
<codeline lineno="138" refid="rocblas-auxiliary_8h_1af6e524dace7291f98a6954faf053bb3d" refkind="member"><highlight class="normal">ROCBLAS_EXPORT<sp/><ref refid="rocblas-types_8h_1aed94086822f2547bddc6182c25749d03" kindref="member">rocblas_status</ref><sp/><ref refid="rocblas-auxiliary_8h_1af6e524dace7291f98a6954faf053bb3d" kindref="member">rocblas_set_matrix</ref>(rocblas_int<sp/>rows,</highlight></codeline>
<codeline lineno="139"><highlight class="normal"><sp/><sp/><sp/><sp/><sp/><sp/><sp/><sp/><sp/><sp/><sp/><sp/><sp/><sp/><sp/><sp/><sp/><sp/><sp/><sp/><sp/><sp/><sp/><sp/><sp/><sp/><sp/><sp/><sp/><sp/><sp/><sp/><sp/><sp/><sp/><sp/><sp/><sp/><sp/><sp/><sp/><sp/><sp/><sp/><sp/><sp/><sp/><sp/><sp/>rocblas_int<sp/>cols,</highlight></codeline>
<codeline lineno="140"><highlight class="normal"><sp/><sp/><sp/><sp/><sp/><sp/><sp/><sp/><sp/><sp/><sp/><sp/><sp/><sp/><sp/><sp/><sp/><sp/><sp/><sp/><sp/><sp/><sp/><sp/><sp/><sp/><sp/><sp/><sp/><sp/><sp/><sp/><sp/><sp/><sp/><sp/><sp/><sp/><sp/><sp/><sp/><sp/><sp/><sp/><sp/><sp/><sp/><sp/><sp/>rocblas_int<sp/>elem_size,</highlight></codeline>
<codeline lineno="141"><highlight class="normal"><sp/><sp/><sp/><sp/><sp/><sp/><sp/><sp/><sp/><sp/><sp/><sp/><sp/><sp/><sp/><sp/><sp/><sp/><sp/><sp/><sp/><sp/><sp/><sp/><sp/><sp/><sp/><sp/><sp/><sp/><sp/><sp/><sp/><sp/><sp/><sp/><sp/><sp/><sp/><sp/><sp/><sp/><sp/><sp/><sp/><sp/><sp/><sp/><sp/></highlight><highlight class="keyword">const</highlight><highlight class="normal"><sp/></highlight><highlight class="keywordtype">void</highlight><highlight class="normal">*<sp/>a,</highlight></codeline>
<codeline lineno="142"><highlight class="normal"><sp/><sp/><sp/><sp/><sp/><sp/><sp/><sp/><sp/><sp/><sp/><sp/><sp/><sp/><sp/><sp/><sp/><sp/><sp/><sp/><sp/><sp/><sp/><sp/><sp/><sp/><sp/><sp/><sp/><sp/><sp/><sp/><sp/><sp/><sp/><sp/><sp/><sp/><sp/><sp/><sp/><sp/><sp/><sp/><sp/><sp/><sp/><sp/><sp/>rocblas_int<sp/>lda,</highlight></codeline>
<codeline lineno="143"><highlight class="normal"><sp/><sp/><sp/><sp/><sp/><sp/><sp/><sp/><sp/><sp/><sp/><sp/><sp/><sp/><sp/><sp/><sp/><sp/><sp/><sp/><sp/><sp/><sp/><sp/><sp/><sp/><sp/><sp/><sp/><sp/><sp/><sp/><sp/><sp/><sp/><sp/><sp/><sp/><sp/><sp/><sp/><sp/><sp/><sp/><sp/><sp/><sp/><sp/><sp/></highlight><highlight class="keywordtype">void</highlight><highlight class="normal">*<sp/><sp/><sp/><sp/><sp/><sp/><sp/>b,</highlight></codeline>
<codeline lineno="144"><highlight class="normal"><sp/><sp/><sp/><sp/><sp/><sp/><sp/><sp/><sp/><sp/><sp/><sp/><sp/><sp/><sp/><sp/><sp/><sp/><sp/><sp/><sp/><sp/><sp/><sp/><sp/><sp/><sp/><sp/><sp/><sp/><sp/><sp/><sp/><sp/><sp/><sp/><sp/><sp/><sp/><sp/><sp/><sp/><sp/><sp/><sp/><sp/><sp/><sp/><sp/>rocblas_int<sp/>ldb);</highlight></codeline>
<codeline lineno="145"><highlight class="normal"></highlight></codeline>
<codeline lineno="167" refid="rocblas-auxiliary_8h_1a8ad00abf2e3ece8968c00690778195c8" refkind="member"><highlight class="normal">ROCBLAS_EXPORT<sp/><ref refid="rocblas-types_8h_1aed94086822f2547bddc6182c25749d03" kindref="member">rocblas_status</ref><sp/><ref refid="rocblas-auxiliary_8h_1a8ad00abf2e3ece8968c00690778195c8" kindref="member">rocblas_get_matrix</ref>(rocblas_int<sp/>rows,</highlight></codeline>
<codeline lineno="168"><highlight class="normal"><sp/><sp/><sp/><sp/><sp/><sp/><sp/><sp/><sp/><sp/><sp/><sp/><sp/><sp/><sp/><sp/><sp/><sp/><sp/><sp/><sp/><sp/><sp/><sp/><sp/><sp/><sp/><sp/><sp/><sp/><sp/><sp/><sp/><sp/><sp/><sp/><sp/><sp/><sp/><sp/><sp/><sp/><sp/><sp/><sp/><sp/><sp/><sp/><sp/>rocblas_int<sp/>cols,</highlight></codeline>
<codeline lineno="169"><highlight class="normal"><sp/><sp/><sp/><sp/><sp/><sp/><sp/><sp/><sp/><sp/><sp/><sp/><sp/><sp/><sp/><sp/><sp/><sp/><sp/><sp/><sp/><sp/><sp/><sp/><sp/><sp/><sp/><sp/><sp/><sp/><sp/><sp/><sp/><sp/><sp/><sp/><sp/><sp/><sp/><sp/><sp/><sp/><sp/><sp/><sp/><sp/><sp/><sp/><sp/>rocblas_int<sp/>elem_size,</highlight></codeline>
<codeline lineno="170"><highlight class="normal"><sp/><sp/><sp/><sp/><sp/><sp/><sp/><sp/><sp/><sp/><sp/><sp/><sp/><sp/><sp/><sp/><sp/><sp/><sp/><sp/><sp/><sp/><sp/><sp/><sp/><sp/><sp/><sp/><sp/><sp/><sp/><sp/><sp/><sp/><sp/><sp/><sp/><sp/><sp/><sp/><sp/><sp/><sp/><sp/><sp/><sp/><sp/><sp/><sp/></highlight><highlight class="keyword">const</highlight><highlight class="normal"><sp/></highlight><highlight class="keywordtype">void</highlight><highlight class="normal">*<sp/>a,</highlight></codeline>
<codeline lineno="171"><highlight class="normal"><sp/><sp/><sp/><sp/><sp/><sp/><sp/><sp/><sp/><sp/><sp/><sp/><sp/><sp/><sp/><sp/><sp/><sp/><sp/><sp/><sp/><sp/><sp/><sp/><sp/><sp/><sp/><sp/><sp/><sp/><sp/><sp/><sp/><sp/><sp/><sp/><sp/><sp/><sp/><sp/><sp/><sp/><sp/><sp/><sp/><sp/><sp/><sp/><sp/>rocblas_int<sp/>lda,</highlight></codeline>
<codeline lineno="172"><highlight class="normal"><sp/><sp/><sp/><sp/><sp/><sp/><sp/><sp/><sp/><sp/><sp/><sp/><sp/><sp/><sp/><sp/><sp/><sp/><sp/><sp/><sp/><sp/><sp/><sp/><sp/><sp/><sp/><sp/><sp/><sp/><sp/><sp/><sp/><sp/><sp/><sp/><sp/><sp/><sp/><sp/><sp/><sp/><sp/><sp/><sp/><sp/><sp/><sp/><sp/></highlight><highlight class="keywordtype">void</highlight><highlight class="normal">*<sp/><sp/><sp/><sp/><sp/><sp/><sp/>b,</highlight></codeline>
<codeline lineno="173"><highlight class="normal"><sp/><sp/><sp/><sp/><sp/><sp/><sp/><sp/><sp/><sp/><sp/><sp/><sp/><sp/><sp/><sp/><sp/><sp/><sp/><sp/><sp/><sp/><sp/><sp/><sp/><sp/><sp/><sp/><sp/><sp/><sp/><sp/><sp/><sp/><sp/><sp/><sp/><sp/><sp/><sp/><sp/><sp/><sp/><sp/><sp/><sp/><sp/><sp/><sp/>rocblas_int<sp/>ldb);</highlight></codeline>
<codeline lineno="174"><highlight class="normal"></highlight></codeline>
<codeline lineno="195" refid="rocblas-auxiliary_8h_1a5eb94555386e0bae8d4607b92b2d5227" refkind="member"><highlight class="normal">ROCBLAS_EXPORT<sp/><ref refid="rocblas-types_8h_1aed94086822f2547bddc6182c25749d03" kindref="member">rocblas_status</ref><sp/><ref refid="rocblas-auxiliary_8h_1a5eb94555386e0bae8d4607b92b2d5227" kindref="member">rocblas_set_vector_async</ref>(rocblas_int<sp/>n,</highlight></codeline>
<codeline lineno="196"><highlight class="normal"><sp/><sp/><sp/><sp/><sp/><sp/><sp/><sp/><sp/><sp/><sp/><sp/><sp/><sp/><sp/><sp/><sp/><sp/><sp/><sp/><sp/><sp/><sp/><sp/><sp/><sp/><sp/><sp/><sp/><sp/><sp/><sp/><sp/><sp/><sp/><sp/><sp/><sp/><sp/><sp/><sp/><sp/><sp/><sp/><sp/><sp/><sp/><sp/><sp/><sp/><sp/><sp/><sp/><sp/><sp/>rocblas_int<sp/>elem_size,</highlight></codeline>
<codeline lineno="197"><highlight class="normal"><sp/><sp/><sp/><sp/><sp/><sp/><sp/><sp/><sp/><sp/><sp/><sp/><sp/><sp/><sp/><sp/><sp/><sp/><sp/><sp/><sp/><sp/><sp/><sp/><sp/><sp/><sp/><sp/><sp/><sp/><sp/><sp/><sp/><sp/><sp/><sp/><sp/><sp/><sp/><sp/><sp/><sp/><sp/><sp/><sp/><sp/><sp/><sp/><sp/><sp/><sp/><sp/><sp/><sp/><sp/></highlight><highlight class="keyword">const</highlight><highlight class="normal"><sp/></highlight><highlight class="keywordtype">void</highlight><highlight class="normal">*<sp/>x,</highlight></codeline>
<codeline lineno="198"><highlight class="normal"><sp/><sp/><sp/><sp/><sp/><sp/><sp/><sp/><sp/><sp/><sp/><sp/><sp/><sp/><sp/><sp/><sp/><sp/><sp/><sp/><sp/><sp/><sp/><sp/><sp/><sp/><sp/><sp/><sp/><sp/><sp/><sp/><sp/><sp/><sp/><sp/><sp/><sp/><sp/><sp/><sp/><sp/><sp/><sp/><sp/><sp/><sp/><sp/><sp/><sp/><sp/><sp/><sp/><sp/><sp/>rocblas_int<sp/>incx,</highlight></codeline>
<codeline lineno="199"><highlight class="normal"><sp/><sp/><sp/><sp/><sp/><sp/><sp/><sp/><sp/><sp/><sp/><sp/><sp/><sp/><sp/><sp/><sp/><sp/><sp/><sp/><sp/><sp/><sp/><sp/><sp/><sp/><sp/><sp/><sp/><sp/><sp/><sp/><sp/><sp/><sp/><sp/><sp/><sp/><sp/><sp/><sp/><sp/><sp/><sp/><sp/><sp/><sp/><sp/><sp/><sp/><sp/><sp/><sp/><sp/><sp/></highlight><highlight class="keywordtype">void</highlight><highlight class="normal">*<sp/><sp/><sp/><sp/><sp/><sp/><sp/>y,</highlight></codeline>
<codeline lineno="200"><highlight class="normal"><sp/><sp/><sp/><sp/><sp/><sp/><sp/><sp/><sp/><sp/><sp/><sp/><sp/><sp/><sp/><sp/><sp/><sp/><sp/><sp/><sp/><sp/><sp/><sp/><sp/><sp/><sp/><sp/><sp/><sp/><sp/><sp/><sp/><sp/><sp/><sp/><sp/><sp/><sp/><sp/><sp/><sp/><sp/><sp/><sp/><sp/><sp/><sp/><sp/><sp/><sp/><sp/><sp/><sp/><sp/>rocblas_int<sp/>incy,</highlight></codeline>
<codeline lineno="201"><highlight class="normal"><sp/><sp/><sp/><sp/><sp/><sp/><sp/><sp/><sp/><sp/><sp/><sp/><sp/><sp/><sp/><sp/><sp/><sp/><sp/><sp/><sp/><sp/><sp/><sp/><sp/><sp/><sp/><sp/><sp/><sp/><sp/><sp/><sp/><sp/><sp/><sp/><sp/><sp/><sp/><sp/><sp/><sp/><sp/><sp/><sp/><sp/><sp/><sp/><sp/><sp/><sp/><sp/><sp/><sp/><sp/>hipStream_t<sp/>stream);</highlight></codeline>
<codeline lineno="202"><highlight class="normal"></highlight></codeline>
<codeline lineno="223" refid="rocblas-auxiliary_8h_1a6708899438e6ead9770df05904bf1d7f" refkind="member"><highlight class="normal">ROCBLAS_EXPORT<sp/><ref refid="rocblas-types_8h_1aed94086822f2547bddc6182c25749d03" kindref="member">rocblas_status</ref><sp/><ref refid="rocblas-auxiliary_8h_1a6708899438e6ead9770df05904bf1d7f" kindref="member">rocblas_get_vector_async</ref>(rocblas_int<sp/>n,</highlight></codeline>
<codeline lineno="224"><highlight class="normal"><sp/><sp/><sp/><sp/><sp/><sp/><sp/><sp/><sp/><sp/><sp/><sp/><sp/><sp/><sp/><sp/><sp/><sp/><sp/><sp/><sp/><sp/><sp/><sp/><sp/><sp/><sp/><sp/><sp/><sp/><sp/><sp/><sp/><sp/><sp/><sp/><sp/><sp/><sp/><sp/><sp/><sp/><sp/><sp/><sp/><sp/><sp/><sp/><sp/><sp/><sp/><sp/><sp/><sp/><sp/>rocblas_int<sp/>elem_size,</highlight></codeline>
<codeline lineno="225"><highlight class="normal"><sp/><sp/><sp/><sp/><sp/><sp/><sp/><sp/><sp/><sp/><sp/><sp/><sp/><sp/><sp/><sp/><sp/><sp/><sp/><sp/><sp/><sp/><sp/><sp/><sp/><sp/><sp/><sp/><sp/><sp/><sp/><sp/><sp/><sp/><sp/><sp/><sp/><sp/><sp/><sp/><sp/><sp/><sp/><sp/><sp/><sp/><sp/><sp/><sp/><sp/><sp/><sp/><sp/><sp/><sp/></highlight><highlight class="keyword">const</highlight><highlight class="normal"><sp/></highlight><highlight class="keywordtype">void</highlight><highlight class="normal">*<sp/>x,</highlight></codeline>
<codeline lineno="226"><highlight class="normal"><sp/><sp/><sp/><sp/><sp/><sp/><sp/><sp/><sp/><sp/><sp/><sp/><sp/><sp/><sp/><sp/><sp/><sp/><sp/><sp/><sp/><sp/><sp/><sp/><sp/><sp/><sp/><sp/><sp/><sp/><sp/><sp/><sp/><sp/><sp/><sp/><sp/><sp/><sp/><sp/><sp/><sp/><sp/><sp/><sp/><sp/><sp/><sp/><sp/><sp/><sp/><sp/><sp/><sp/><sp/>rocblas_int<sp/>incx,</highlight></codeline>
<codeline lineno="227"><highlight class="normal"><sp/><sp/><sp/><sp/><sp/><sp/><sp/><sp/><sp/><sp/><sp/><sp/><sp/><sp/><sp/><sp/><sp/><sp/><sp/><sp/><sp/><sp/><sp/><sp/><sp/><sp/><sp/><sp/><sp/><sp/><sp/><sp/><sp/><sp/><sp/><sp/><sp/><sp/><sp/><sp/><sp/><sp/><sp/><sp/><sp/><sp/><sp/><sp/><sp/><sp/><sp/><sp/><sp/><sp/><sp/></highlight><highlight class="keywordtype">void</highlight><highlight class="normal">*<sp/><sp/><sp/><sp/><sp/><sp/><sp/>y,</highlight></codeline>
<codeline lineno="228"><highlight class="normal"><sp/><sp/><sp/><sp/><sp/><sp/><sp/><sp/><sp/><sp/><sp/><sp/><sp/><sp/><sp/><sp/><sp/><sp/><sp/><sp/><sp/><sp/><sp/><sp/><sp/><sp/><sp/><sp/><sp/><sp/><sp/><sp/><sp/><sp/><sp/><sp/><sp/><sp/><sp/><sp/><sp/><sp/><sp/><sp/><sp/><sp/><sp/><sp/><sp/><sp/><sp/><sp/><sp/><sp/><sp/>rocblas_int<sp/>incy,</highlight></codeline>
<codeline lineno="229"><highlight class="normal"><sp/><sp/><sp/><sp/><sp/><sp/><sp/><sp/><sp/><sp/><sp/><sp/><sp/><sp/><sp/><sp/><sp/><sp/><sp/><sp/><sp/><sp/><sp/><sp/><sp/><sp/><sp/><sp/><sp/><sp/><sp/><sp/><sp/><sp/><sp/><sp/><sp/><sp/><sp/><sp/><sp/><sp/><sp/><sp/><sp/><sp/><sp/><sp/><sp/><sp/><sp/><sp/><sp/><sp/><sp/>hipStream_t<sp/>stream);</highlight></codeline>
<codeline lineno="230"><highlight class="normal"></highlight></codeline>
<codeline lineno="257" refid="rocblas-auxiliary_8h_1a39443645545aa605b0440ba33133e0c6" refkind="member"><highlight class="normal">ROCBLAS_EXPORT<sp/><ref refid="rocblas-types_8h_1aed94086822f2547bddc6182c25749d03" kindref="member">rocblas_status</ref><sp/><ref refid="rocblas-auxiliary_8h_1a39443645545aa605b0440ba33133e0c6" kindref="member">rocblas_set_matrix_async</ref>(rocblas_int<sp/>rows,</highlight></codeline>
<codeline lineno="258"><highlight class="normal"><sp/><sp/><sp/><sp/><sp/><sp/><sp/><sp/><sp/><sp/><sp/><sp/><sp/><sp/><sp/><sp/><sp/><sp/><sp/><sp/><sp/><sp/><sp/><sp/><sp/><sp/><sp/><sp/><sp/><sp/><sp/><sp/><sp/><sp/><sp/><sp/><sp/><sp/><sp/><sp/><sp/><sp/><sp/><sp/><sp/><sp/><sp/><sp/><sp/><sp/><sp/><sp/><sp/><sp/><sp/>rocblas_int<sp/>cols,</highlight></codeline>
<codeline lineno="259"><highlight class="normal"><sp/><sp/><sp/><sp/><sp/><sp/><sp/><sp/><sp/><sp/><sp/><sp/><sp/><sp/><sp/><sp/><sp/><sp/><sp/><sp/><sp/><sp/><sp/><sp/><sp/><sp/><sp/><sp/><sp/><sp/><sp/><sp/><sp/><sp/><sp/><sp/><sp/><sp/><sp/><sp/><sp/><sp/><sp/><sp/><sp/><sp/><sp/><sp/><sp/><sp/><sp/><sp/><sp/><sp/><sp/>rocblas_int<sp/>elem_size,</highlight></codeline>
<codeline lineno="260"><highlight class="normal"><sp/><sp/><sp/><sp/><sp/><sp/><sp/><sp/><sp/><sp/><sp/><sp/><sp/><sp/><sp/><sp/><sp/><sp/><sp/><sp/><sp/><sp/><sp/><sp/><sp/><sp/><sp/><sp/><sp/><sp/><sp/><sp/><sp/><sp/><sp/><sp/><sp/><sp/><sp/><sp/><sp/><sp/><sp/><sp/><sp/><sp/><sp/><sp/><sp/><sp/><sp/><sp/><sp/><sp/><sp/></highlight><highlight class="keyword">const</highlight><highlight class="normal"><sp/></highlight><highlight class="keywordtype">void</highlight><highlight class="normal">*<sp/>a,</highlight></codeline>
<codeline lineno="261"><highlight class="normal"><sp/><sp/><sp/><sp/><sp/><sp/><sp/><sp/><sp/><sp/><sp/><sp/><sp/><sp/><sp/><sp/><sp/><sp/><sp/><sp/><sp/><sp/><sp/><sp/><sp/><sp/><sp/><sp/><sp/><sp/><sp/><sp/><sp/><sp/><sp/><sp/><sp/><sp/><sp/><sp/><sp/><sp/><sp/><sp/><sp/><sp/><sp/><sp/><sp/><sp/><sp/><sp/><sp/><sp/><sp/>rocblas_int<sp/>lda,</highlight></codeline>
<codeline lineno="262"><highlight class="normal"><sp/><sp/><sp/><sp/><sp/><sp/><sp/><sp/><sp/><sp/><sp/><sp/><sp/><sp/><sp/><sp/><sp/><sp/><sp/><sp/><sp/><sp/><sp/><sp/><sp/><sp/><sp/><sp/><sp/><sp/><sp/><sp/><sp/><sp/><sp/><sp/><sp/><sp/><sp/><sp/><sp/><sp/><sp/><sp/><sp/><sp/><sp/><sp/><sp/><sp/><sp/><sp/><sp/><sp/><sp/></highlight><highlight class="keywordtype">void</highlight><highlight class="normal">*<sp/><sp/><sp/><sp/><sp/><sp/><sp/>b,</highlight></codeline>
<codeline lineno="263"><highlight class="normal"><sp/><sp/><sp/><sp/><sp/><sp/><sp/><sp/><sp/><sp/><sp/><sp/><sp/><sp/><sp/><sp/><sp/><sp/><sp/><sp/><sp/><sp/><sp/><sp/><sp/><sp/><sp/><sp/><sp/><sp/><sp/><sp/><sp/><sp/><sp/><sp/><sp/><sp/><sp/><sp/><sp/><sp/><sp/><sp/><sp/><sp/><sp/><sp/><sp/><sp/><sp/><sp/><sp/><sp/><sp/>rocblas_int<sp/>ldb,</highlight></codeline>
<codeline lineno="264"><highlight class="normal"><sp/><sp/><sp/><sp/><sp/><sp/><sp/><sp/><sp/><sp/><sp/><sp/><sp/><sp/><sp/><sp/><sp/><sp/><sp/><sp/><sp/><sp/><sp/><sp/><sp/><sp/><sp/><sp/><sp/><sp/><sp/><sp/><sp/><sp/><sp/><sp/><sp/><sp/><sp/><sp/><sp/><sp/><sp/><sp/><sp/><sp/><sp/><sp/><sp/><sp/><sp/><sp/><sp/><sp/><sp/>hipStream_t<sp/>stream);</highlight></codeline>
<codeline lineno="265"><highlight class="normal"></highlight></codeline>
<codeline lineno="292" refid="rocblas-auxiliary_8h_1af5159377b773320a455f44df097b95f7" refkind="member"><highlight class="normal">ROCBLAS_EXPORT<sp/><ref refid="rocblas-types_8h_1aed94086822f2547bddc6182c25749d03" kindref="member">rocblas_status</ref><sp/><ref refid="rocblas-auxiliary_8h_1af5159377b773320a455f44df097b95f7" kindref="member">rocblas_get_matrix_async</ref>(rocblas_int<sp/>rows,</highlight></codeline>
<codeline lineno="293"><highlight class="normal"><sp/><sp/><sp/><sp/><sp/><sp/><sp/><sp/><sp/><sp/><sp/><sp/><sp/><sp/><sp/><sp/><sp/><sp/><sp/><sp/><sp/><sp/><sp/><sp/><sp/><sp/><sp/><sp/><sp/><sp/><sp/><sp/><sp/><sp/><sp/><sp/><sp/><sp/><sp/><sp/><sp/><sp/><sp/><sp/><sp/><sp/><sp/><sp/><sp/><sp/><sp/><sp/><sp/><sp/><sp/>rocblas_int<sp/>cols,</highlight></codeline>
<codeline lineno="294"><highlight class="normal"><sp/><sp/><sp/><sp/><sp/><sp/><sp/><sp/><sp/><sp/><sp/><sp/><sp/><sp/><sp/><sp/><sp/><sp/><sp/><sp/><sp/><sp/><sp/><sp/><sp/><sp/><sp/><sp/><sp/><sp/><sp/><sp/><sp/><sp/><sp/><sp/><sp/><sp/><sp/><sp/><sp/><sp/><sp/><sp/><sp/><sp/><sp/><sp/><sp/><sp/><sp/><sp/><sp/><sp/><sp/>rocblas_int<sp/>elem_size,</highlight></codeline>
<codeline lineno="295"><highlight class="normal"><sp/><sp/><sp/><sp/><sp/><sp/><sp/><sp/><sp/><sp/><sp/><sp/><sp/><sp/><sp/><sp/><sp/><sp/><sp/><sp/><sp/><sp/><sp/><sp/><sp/><sp/><sp/><sp/><sp/><sp/><sp/><sp/><sp/><sp/><sp/><sp/><sp/><sp/><sp/><sp/><sp/><sp/><sp/><sp/><sp/><sp/><sp/><sp/><sp/><sp/><sp/><sp/><sp/><sp/><sp/></highlight><highlight class="keyword">const</highlight><highlight class="normal"><sp/></highlight><highlight class="keywordtype">void</highlight><highlight class="normal">*<sp/>a,</highlight></codeline>
<codeline lineno="296"><highlight class="normal"><sp/><sp/><sp/><sp/><sp/><sp/><sp/><sp/><sp/><sp/><sp/><sp/><sp/><sp/><sp/><sp/><sp/><sp/><sp/><sp/><sp/><sp/><sp/><sp/><sp/><sp/><sp/><sp/><sp/><sp/><sp/><sp/><sp/><sp/><sp/><sp/><sp/><sp/><sp/><sp/><sp/><sp/><sp/><sp/><sp/><sp/><sp/><sp/><sp/><sp/><sp/><sp/><sp/><sp/><sp/>rocblas_int<sp/>lda,</highlight></codeline>
<codeline lineno="297"><highlight class="normal"><sp/><sp/><sp/><sp/><sp/><sp/><sp/><sp/><sp/><sp/><sp/><sp/><sp/><sp/><sp/><sp/><sp/><sp/><sp/><sp/><sp/><sp/><sp/><sp/><sp/><sp/><sp/><sp/><sp/><sp/><sp/><sp/><sp/><sp/><sp/><sp/><sp/><sp/><sp/><sp/><sp/><sp/><sp/><sp/><sp/><sp/><sp/><sp/><sp/><sp/><sp/><sp/><sp/><sp/><sp/></highlight><highlight class="keywordtype">void</highlight><highlight class="normal">*<sp/><sp/><sp/><sp/><sp/><sp/><sp/>b,</highlight></codeline>
<codeline lineno="298"><highlight class="normal"><sp/><sp/><sp/><sp/><sp/><sp/><sp/><sp/><sp/><sp/><sp/><sp/><sp/><sp/><sp/><sp/><sp/><sp/><sp/><sp/><sp/><sp/><sp/><sp/><sp/><sp/><sp/><sp/><sp/><sp/><sp/><sp/><sp/><sp/><sp/><sp/><sp/><sp/><sp/><sp/><sp/><sp/><sp/><sp/><sp/><sp/><sp/><sp/><sp/><sp/><sp/><sp/><sp/><sp/><sp/>rocblas_int<sp/>ldb,</highlight></codeline>
<codeline lineno="299"><highlight class="normal"><sp/><sp/><sp/><sp/><sp/><sp/><sp/><sp/><sp/><sp/><sp/><sp/><sp/><sp/><sp/><sp/><sp/><sp/><sp/><sp/><sp/><sp/><sp/><sp/><sp/><sp/><sp/><sp/><sp/><sp/><sp/><sp/><sp/><sp/><sp/><sp/><sp/><sp/><sp/><sp/><sp/><sp/><sp/><sp/><sp/><sp/><sp/><sp/><sp/><sp/><sp/><sp/><sp/><sp/><sp/>hipStream_t<sp/>stream);</highlight></codeline>
<codeline lineno="300"><highlight class="normal"></highlight></codeline>
<codeline lineno="301"><highlight class="normal"></highlight><highlight class="comment">/*******************************************************************************</highlight></codeline>
<codeline lineno="302"><highlight class="comment"><sp/>*<sp/>Function<sp/>to<sp/>set<sp/>start/stop<sp/>event<sp/>handlers<sp/>(for<sp/>internal<sp/>use<sp/>only)</highlight></codeline>
<codeline lineno="303"><highlight class="comment"><sp/>******************************************************************************/</highlight><highlight class="normal"></highlight></codeline>
<codeline lineno="304"><highlight class="normal">ROCBLAS_EXPORT<sp/><ref refid="rocblas-types_8h_1aed94086822f2547bddc6182c25749d03" kindref="member">rocblas_status</ref><sp/>rocblas_set_start_stop_events(<ref refid="rocblas-types_8h_1a8a4de42139e6ee8ac0ffb496ab43640f" kindref="member">rocblas_handle</ref><sp/>handle,</highlight></codeline>
<codeline lineno="305"><highlight class="normal"><sp/><sp/><sp/><sp/><sp/><sp/><sp/><sp/><sp/><sp/><sp/><sp/><sp/><sp/><sp/><sp/><sp/><sp/><sp/><sp/><sp/><sp/><sp/><sp/><sp/><sp/><sp/><sp/><sp/><sp/><sp/><sp/><sp/><sp/><sp/><sp/><sp/><sp/><sp/><sp/><sp/><sp/><sp/><sp/><sp/><sp/><sp/><sp/><sp/><sp/><sp/><sp/><sp/><sp/><sp/><sp/><sp/><sp/><sp/><sp/>hipEvent_t<sp/><sp/><sp/><sp/><sp/>startEvent,</highlight></codeline>
<codeline lineno="306"><highlight class="normal"><sp/><sp/><sp/><sp/><sp/><sp/><sp/><sp/><sp/><sp/><sp/><sp/><sp/><sp/><sp/><sp/><sp/><sp/><sp/><sp/><sp/><sp/><sp/><sp/><sp/><sp/><sp/><sp/><sp/><sp/><sp/><sp/><sp/><sp/><sp/><sp/><sp/><sp/><sp/><sp/><sp/><sp/><sp/><sp/><sp/><sp/><sp/><sp/><sp/><sp/><sp/><sp/><sp/><sp/><sp/><sp/><sp/><sp/><sp/><sp/>hipEvent_t<sp/><sp/><sp/><sp/><sp/>stopEvent);</highlight></codeline>
<codeline lineno="307"><highlight class="normal"></highlight></codeline>
<codeline lineno="308"><highlight class="normal"></highlight><highlight class="preprocessor">#define<sp/>ROCBLAS_INVOKE_START_STOP_EVENTS(handle,<sp/>startEvent,<sp/>stopEvent,<sp/>call)<sp/>\</highlight></codeline>
<codeline lineno="309"><highlight class="preprocessor"><sp/><sp/><sp/><sp/>do<sp/><sp/><sp/><sp/><sp/><sp/><sp/><sp/><sp/><sp/><sp/><sp/><sp/><sp/><sp/><sp/><sp/><sp/><sp/><sp/><sp/><sp/><sp/><sp/><sp/><sp/><sp/><sp/><sp/><sp/><sp/><sp/><sp/><sp/><sp/><sp/><sp/><sp/><sp/><sp/><sp/><sp/><sp/><sp/><sp/><sp/><sp/><sp/><sp/><sp/><sp/><sp/><sp/><sp/><sp/><sp/><sp/><sp/><sp/><sp/><sp/><sp/><sp/><sp/><sp/><sp/><sp/><sp/><sp/><sp/><sp/><sp/>\</highlight></codeline>
<codeline lineno="310"><highlight class="preprocessor"><sp/><sp/><sp/><sp/>{<sp/><sp/><sp/><sp/><sp/><sp/><sp/><sp/><sp/><sp/><sp/><sp/><sp/><sp/><sp/><sp/><sp/><sp/><sp/><sp/><sp/><sp/><sp/><sp/><sp/><sp/><sp/><sp/><sp/><sp/><sp/><sp/><sp/><sp/><sp/><sp/><sp/><sp/><sp/><sp/><sp/><sp/><sp/><sp/><sp/><sp/><sp/><sp/><sp/><sp/><sp/><sp/><sp/><sp/><sp/><sp/><sp/><sp/><sp/><sp/><sp/><sp/><sp/><sp/><sp/><sp/><sp/><sp/><sp/><sp/><sp/><sp/><sp/>\</highlight></codeline>
<codeline lineno="311"><highlight class="preprocessor"><sp/><sp/><sp/><sp/><sp/><sp/><sp/><sp/>rocblas_handle<sp/>tmp_h<sp/>=<sp/>(handle);<sp/><sp/><sp/><sp/><sp/><sp/><sp/><sp/><sp/><sp/><sp/><sp/><sp/><sp/><sp/><sp/><sp/><sp/><sp/><sp/><sp/><sp/><sp/><sp/><sp/><sp/><sp/><sp/><sp/><sp/><sp/><sp/><sp/><sp/><sp/><sp/><sp/><sp/>\</highlight></codeline>
<codeline lineno="312"><highlight class="preprocessor"><sp/><sp/><sp/><sp/><sp/><sp/><sp/><sp/>rocblas_set_start_stop_events(tmp_h,<sp/>(startEvent),<sp/>(stopEvent));<sp/><sp/><sp/><sp/><sp/><sp/>\</highlight></codeline>
<codeline lineno="313"><highlight class="preprocessor"><sp/><sp/><sp/><sp/><sp/><sp/><sp/><sp/>call;<sp/><sp/><sp/><sp/><sp/><sp/><sp/><sp/><sp/><sp/><sp/><sp/><sp/><sp/><sp/><sp/><sp/><sp/><sp/><sp/><sp/><sp/><sp/><sp/><sp/><sp/><sp/><sp/><sp/><sp/><sp/><sp/><sp/><sp/><sp/><sp/><sp/><sp/><sp/><sp/><sp/><sp/><sp/><sp/><sp/><sp/><sp/><sp/><sp/><sp/><sp/><sp/><sp/><sp/><sp/><sp/><sp/><sp/><sp/><sp/><sp/><sp/><sp/><sp/><sp/>\</highlight></codeline>
<codeline lineno="314"><highlight class="preprocessor"><sp/><sp/><sp/><sp/><sp/><sp/><sp/><sp/>rocblas_set_start_stop_events(tmp_h,<sp/>(hipEvent_t)0,<sp/>(hipEvent_t)0);<sp/><sp/><sp/>\</highlight></codeline>
<codeline lineno="315"><highlight class="preprocessor"><sp/><sp/><sp/><sp/>}<sp/>while(0)</highlight><highlight class="normal"></highlight></codeline>
<codeline lineno="316"><highlight class="normal"></highlight></codeline>
<codeline lineno="317"><highlight class="normal"></highlight><highlight class="comment">//<sp/>For<sp/>testing<sp/>solution<sp/>selection<sp/>fitness<sp/>--<sp/>for<sp/>internal<sp/>testing<sp/>only</highlight><highlight class="normal"></highlight></codeline>
<codeline lineno="318"><highlight class="normal">ROCBLAS_EXPORT<sp/><ref refid="rocblas-types_8h_1aed94086822f2547bddc6182c25749d03" kindref="member">rocblas_status</ref><sp/>rocblas_set_solution_fitness_query(<ref refid="rocblas-types_8h_1a8a4de42139e6ee8ac0ffb496ab43640f" kindref="member">rocblas_handle</ref><sp/>handle,</highlight></codeline>
<codeline lineno="319"><highlight class="normal"><sp/><sp/><sp/><sp/><sp/><sp/><sp/><sp/><sp/><sp/><sp/><sp/><sp/><sp/><sp/><sp/><sp/><sp/><sp/><sp/><sp/><sp/><sp/><sp/><sp/><sp/><sp/><sp/><sp/><sp/><sp/><sp/><sp/><sp/><sp/><sp/><sp/><sp/><sp/><sp/><sp/><sp/><sp/><sp/><sp/><sp/><sp/><sp/><sp/><sp/><sp/><sp/><sp/><sp/><sp/><sp/><sp/><sp/><sp/><sp/><sp/><sp/><sp/><sp/><sp/></highlight><highlight class="keywordtype">double</highlight><highlight class="normal">*<sp/><sp/><sp/><sp/><sp/><sp/><sp/><sp/>fitness);</highlight></codeline>
<codeline lineno="320"><highlight class="normal"></highlight></codeline>
<codeline lineno="333" refid="rocblas-auxiliary_8h_1a85edd23df1f19a7778ce6934342bd2c6" refkind="member"><highlight class="normal">ROCBLAS_EXPORT<sp/><ref refid="rocblas-types_8h_1aed94086822f2547bddc6182c25749d03" kindref="member">rocblas_status</ref><sp/><ref refid="rocblas-auxiliary_8h_1a85edd23df1f19a7778ce6934342bd2c6" kindref="member">rocblas_set_performance_metric</ref>(<ref refid="rocblas-types_8h_1a8a4de42139e6ee8ac0ffb496ab43640f" kindref="member">rocblas_handle</ref><sp/><sp/><sp/><sp/><sp/><sp/><sp/><sp/><sp/><sp/><sp/><sp/><sp/>handle,</highlight></codeline>
<codeline lineno="334"><highlight class="normal"><sp/><sp/><sp/><sp/><sp/><sp/><sp/><sp/><sp/><sp/><sp/><sp/><sp/><sp/><sp/><sp/><sp/><sp/><sp/><sp/><sp/><sp/><sp/><sp/><sp/><sp/><sp/><sp/><sp/><sp/><sp/><sp/><sp/><sp/><sp/><sp/><sp/><sp/><sp/><sp/><sp/><sp/><sp/><sp/><sp/><sp/><sp/><sp/><sp/><sp/><sp/><sp/><sp/><sp/><sp/><sp/><sp/><sp/><sp/><sp/><sp/><ref refid="rocblas-types_8h_1ad84e70795b28c9152edd9d71dff38206" kindref="member">rocblas_performance_metric</ref><sp/>metric);</highlight></codeline>
<codeline lineno="345" refid="rocblas-auxiliary_8h_1a02931c462e6548a3ae02b40835eb0bcc" refkind="member"><highlight class="normal">ROCBLAS_EXPORT<sp/><ref refid="rocblas-types_8h_1aed94086822f2547bddc6182c25749d03" kindref="member">rocblas_status</ref><sp/><ref refid="rocblas-auxiliary_8h_1a02931c462e6548a3ae02b40835eb0bcc" kindref="member">rocblas_get_performance_metric</ref>(<ref refid="rocblas-types_8h_1a8a4de42139e6ee8ac0ffb496ab43640f" kindref="member">rocblas_handle</ref><sp/><sp/><sp/><sp/><sp/><sp/><sp/><sp/><sp/><sp/><sp/><sp/><sp/><sp/>handle,</highlight></codeline>
<codeline lineno="346"><highlight class="normal"><sp/><sp/><sp/><sp/><sp/><sp/><sp/><sp/><sp/><sp/><sp/><sp/><sp/><sp/><sp/><sp/><sp/><sp/><sp/><sp/><sp/><sp/><sp/><sp/><sp/><sp/><sp/><sp/><sp/><sp/><sp/><sp/><sp/><sp/><sp/><sp/><sp/><sp/><sp/><sp/><sp/><sp/><sp/><sp/><sp/><sp/><sp/><sp/><sp/><sp/><sp/><sp/><sp/><sp/><sp/><sp/><sp/><sp/><sp/><sp/><sp/><ref refid="rocblas-types_8h_1ad84e70795b28c9152edd9d71dff38206" kindref="member">rocblas_performance_metric</ref>*<sp/>metric);</highlight></codeline>
<codeline lineno="347"><highlight class="normal"></highlight></codeline>
<codeline lineno="348"><highlight class="normal"></highlight><highlight class="preprocessor">#ifdef<sp/>__cplusplus</highlight><highlight class="normal"></highlight></codeline>
<codeline lineno="349"><highlight class="normal">}</highlight></codeline>
<codeline lineno="350"><highlight class="normal"></highlight><highlight class="preprocessor">#endif</highlight><highlight class="normal"></highlight></codeline>
<codeline lineno="351"><highlight class="normal"></highlight></codeline>
<codeline lineno="352"><highlight class="normal"></highlight><highlight class="preprocessor">#endif<sp/></highlight><highlight class="comment">/*<sp/>_ROCBLAS_AUXILIARY_H_<sp/>*/</highlight><highlight class="preprocessor"></highlight></codeline>
    </programlisting>
    <location file="/var/jenkins_home/workspace/lysis_rocBLAS-internal_develop_2/Is6XfxYHY/rocblas/library/include/internal/rocblas-auxiliary.h"/>
  </compounddef>
</doxygen>
