<?xml version='1.0' encoding='UTF-8' standalone='no'?>
<doxygen xmlns:xsi="http://www.w3.org/2001/XMLSchema-instance" xsi:noNamespaceSchemaLocation="compound.xsd" version="1.8.18">
  <compounddef id="rocblas-complex-types_8h" kind="file" language="C++">
    <compoundname>rocblas-complex-types.h</compoundname>
    <includedby refid="rocblas-types_8h" local="yes">/var/jenkins_home/workspace/lysis_rocBLAS-internal_develop_2/Is6XfxYHY/rocblas/library/include/internal/rocblas-types.h</includedby>
    <invincdepgraph>
      <node id="1">
        <label>/var/jenkins_home/workspace/lysis_rocBLAS-internal_develop_2/Is6XfxYHY/rocblas/library/include/internal/rocblas-complex-types.h</label>
        <link refid="rocblas-complex-types_8h"/>
        <childnode refid="2" relation="include">
        </childnode>
      </node>
      <node id="3">
        <label>/var/jenkins_home/workspace/lysis_rocBLAS-internal_develop_2/Is6XfxYHY/rocblas/library/include/internal/rocblas-auxiliary.h</label>
        <link refid="rocblas-auxiliary_8h"/>
        <childnode refid="4" relation="include">
        </childnode>
      </node>
      <node id="4">
        <label>/var/jenkins_home/workspace/lysis_rocBLAS-internal_develop_2/Is6XfxYHY/rocblas/library/include/rocblas.h</label>
        <link refid="rocblas_8h"/>
      </node>
      <node id="5">
        <label>/var/jenkins_home/workspace/lysis_rocBLAS-internal_develop_2/Is6XfxYHY/rocblas/library/include/internal/rocblas-functions.h</label>
        <link refid="rocblas-functions_8h"/>
        <childnode refid="4" relation="include">
        </childnode>
      </node>
      <node id="2">
        <label>/var/jenkins_home/workspace/lysis_rocBLAS-internal_develop_2/Is6XfxYHY/rocblas/library/include/internal/rocblas-types.h</label>
        <link refid="rocblas-types_8h"/>
        <childnode refid="3" relation="include">
        </childnode>
        <childnode refid="5" relation="include">
        </childnode>
        <childnode refid="4" relation="include">
        </childnode>
      </node>
    </invincdepgraph>
    <innerclass refid="structrocblas__float__complex" prot="public">rocblas_float_complex</innerclass>
    <innerclass refid="structrocblas__double__complex" prot="public">rocblas_double_complex</innerclass>
      <sectiondef kind="define">
      <memberdef kind="define" id="rocblas-complex-types_8h_1a32c4616a46358fcf2ac9cbb577a49309" prot="public" static="no">
        <name>ROCBLAS_CLANG_STATIC</name>
        <briefdescription>
        </briefdescription>
        <detaileddescription>
        </detaileddescription>
        <inbodydescription>
        </inbodydescription>
        <location file="/var/jenkins_home/workspace/lysis_rocBLAS-internal_develop_2/Is6XfxYHY/rocblas/library/include/internal/rocblas-complex-types.h" line="30" column="10" bodyfile="/var/jenkins_home/workspace/lysis_rocBLAS-internal_develop_2/Is6XfxYHY/rocblas/library/include/internal/rocblas-complex-types.h" bodystart="30" bodyend="-1"/>
      </memberdef>
      </sectiondef>
    <briefdescription>
<para><ref refid="rocblas-complex-types_8h" kindref="compound">rocblas-complex-types.h</ref> defines complex data types used by rocblas </para>
    </briefdescription>
    <detaileddescription>
    </detaileddescription>
    <programlisting>
<codeline lineno="1"><highlight class="comment">/*<sp/>************************************************************************</highlight></codeline>
<codeline lineno="2"><highlight class="comment"><sp/>*<sp/>Copyright<sp/>2019-2021<sp/>Advanced<sp/>Micro<sp/>Devices,<sp/>Inc.</highlight></codeline>
<codeline lineno="3"><highlight class="comment"><sp/>*<sp/>************************************************************************<sp/>*/</highlight><highlight class="normal"></highlight></codeline>
<codeline lineno="4"><highlight class="normal"></highlight></codeline>
<codeline lineno="9"><highlight class="preprocessor">#ifndef<sp/>_ROCBLAS_COMPLEX_TYPES_H_</highlight><highlight class="normal"></highlight></codeline>
<codeline lineno="10"><highlight class="normal"></highlight><highlight class="preprocessor">#define<sp/>_ROCBLAS_COMPLEX_TYPES_H_</highlight><highlight class="normal"></highlight></codeline>
<codeline lineno="11"><highlight class="normal"></highlight></codeline>
<codeline lineno="12"><highlight class="normal"></highlight><highlight class="comment">/*<sp/>Workaround<sp/>clang<sp/>bug:</highlight></codeline>
<codeline lineno="13"><highlight class="comment"></highlight></codeline>
<codeline lineno="14"><highlight class="comment"><sp/><sp/><sp/>https://bugs.llvm.org/show_bug.cgi?id=35863</highlight></codeline>
<codeline lineno="15"><highlight class="comment"></highlight></codeline>
<codeline lineno="16"><highlight class="comment"><sp/><sp/><sp/>This<sp/>macro<sp/>expands<sp/>to<sp/>static<sp/>if<sp/>clang<sp/>is<sp/>used;<sp/>otherwise<sp/>it<sp/>expands<sp/>empty.</highlight></codeline>
<codeline lineno="17"><highlight class="comment"><sp/><sp/><sp/>It<sp/>is<sp/>intended<sp/>to<sp/>be<sp/>used<sp/>in<sp/>variable<sp/>template<sp/>specializations,<sp/>where<sp/>clang</highlight></codeline>
<codeline lineno="18"><highlight class="comment"><sp/><sp/><sp/>requires<sp/>static<sp/>in<sp/>order<sp/>for<sp/>the<sp/>specializations<sp/>to<sp/>have<sp/>internal<sp/>linkage,</highlight></codeline>
<codeline lineno="19"><highlight class="comment"><sp/><sp/><sp/>while<sp/>technically,<sp/>storage<sp/>class<sp/>specifiers<sp/>besides<sp/>thread_local<sp/>are<sp/>not</highlight></codeline>
<codeline lineno="20"><highlight class="comment"><sp/><sp/><sp/>allowed<sp/>in<sp/>template<sp/>specializations,<sp/>and<sp/>static<sp/>in<sp/>the<sp/>primary<sp/>template</highlight></codeline>
<codeline lineno="21"><highlight class="comment"><sp/><sp/><sp/>definition<sp/>should<sp/>imply<sp/>internal<sp/>linkage<sp/>for<sp/>all<sp/>specializations.</highlight></codeline>
<codeline lineno="22"><highlight class="comment"></highlight></codeline>
<codeline lineno="23"><highlight class="comment"><sp/><sp/><sp/>If<sp/>clang<sp/>shows<sp/>an<sp/>error<sp/>for<sp/>improperly<sp/>using<sp/>a<sp/>storage<sp/>class<sp/>specifier<sp/>in</highlight></codeline>
<codeline lineno="24"><highlight class="comment"><sp/><sp/><sp/>a<sp/>specialization,<sp/>then<sp/>ROCBLAS_CLANG_STATIC<sp/>should<sp/>be<sp/>redefined<sp/>as<sp/>empty,</highlight></codeline>
<codeline lineno="25"><highlight class="comment"><sp/><sp/><sp/>and<sp/>perhaps<sp/>removed<sp/>entirely,<sp/>if<sp/>the<sp/>above<sp/>bug<sp/>has<sp/>been<sp/>fixed.</highlight></codeline>
<codeline lineno="26"><highlight class="comment">*/</highlight><highlight class="normal"></highlight></codeline>
<codeline lineno="27"><highlight class="normal"></highlight><highlight class="preprocessor">#if<sp/>__clang__</highlight><highlight class="normal"></highlight></codeline>
<codeline lineno="28"><highlight class="normal"></highlight><highlight class="preprocessor">#define<sp/>ROCBLAS_CLANG_STATIC<sp/>static</highlight><highlight class="normal"></highlight></codeline>
<codeline lineno="29"><highlight class="normal"></highlight><highlight class="preprocessor">#else</highlight><highlight class="normal"></highlight></codeline>
<codeline lineno="30"><highlight class="normal"></highlight><highlight class="preprocessor">#define<sp/>ROCBLAS_CLANG_STATIC</highlight><highlight class="normal"></highlight></codeline>
<codeline lineno="31"><highlight class="normal"></highlight><highlight class="preprocessor">#endif</highlight><highlight class="normal"></highlight></codeline>
<codeline lineno="32"><highlight class="normal"></highlight></codeline>
<codeline lineno="33"><highlight class="normal"></highlight><highlight class="preprocessor">#if<sp/>__cplusplus<sp/>&lt;<sp/>201402L<sp/>||<sp/>(!defined(__HCC__)<sp/>&amp;&amp;<sp/>!defined(__HIPCC__))</highlight><highlight class="normal"></highlight></codeline>
<codeline lineno="34"><highlight class="normal"></highlight></codeline>
<codeline lineno="35"><highlight class="normal"></highlight><highlight class="comment">//<sp/>If<sp/>this<sp/>is<sp/>a<sp/>C<sp/>compiler,<sp/>C++<sp/>compiler<sp/>below<sp/>C++14,<sp/>or<sp/>a<sp/>host-only<sp/>compiler,<sp/>we<sp/>only</highlight><highlight class="normal"></highlight></codeline>
<codeline lineno="36"><highlight class="normal"></highlight><highlight class="comment">//<sp/>include<sp/>minimal<sp/>definitions<sp/>of<sp/>rocblas_float_complex<sp/>and<sp/>rocblas_double_complex</highlight><highlight class="normal"></highlight></codeline>
<codeline lineno="37"><highlight class="normal"></highlight></codeline>
<codeline lineno="39" refid="structrocblas__float__complex" refkind="compound"><highlight class="keyword">typedef</highlight><highlight class="normal"><sp/></highlight><highlight class="keyword">struct</highlight><highlight class="normal"></highlight></codeline>
<codeline lineno="40"><highlight class="normal">{</highlight></codeline>
<codeline lineno="41"><highlight class="normal"><sp/><sp/><sp/><sp/></highlight><highlight class="keywordtype">float</highlight><highlight class="normal"><sp/>x,<sp/>y;</highlight></codeline>
<codeline lineno="42"><highlight class="normal">}<sp/><ref refid="structrocblas__float__complex" kindref="compound">rocblas_float_complex</ref>;</highlight></codeline>
<codeline lineno="43"><highlight class="normal"></highlight></codeline>
<codeline lineno="45" refid="structrocblas__double__complex" refkind="compound"><highlight class="keyword">typedef</highlight><highlight class="normal"><sp/></highlight><highlight class="keyword">struct</highlight><highlight class="normal"></highlight></codeline>
<codeline lineno="46"><highlight class="normal">{</highlight></codeline>
<codeline lineno="47"><highlight class="normal"><sp/><sp/><sp/><sp/></highlight><highlight class="keywordtype">double</highlight><highlight class="normal"><sp/>x,<sp/>y;</highlight></codeline>
<codeline lineno="48"><highlight class="normal">}<sp/><ref refid="structrocblas__double__complex" kindref="compound">rocblas_double_complex</ref>;</highlight></codeline>
<codeline lineno="49"><highlight class="normal"></highlight></codeline>
<codeline lineno="50"><highlight class="normal"></highlight><highlight class="preprocessor">#else<sp/>//<sp/>__cplusplus<sp/>&lt;<sp/>201402L<sp/>||<sp/>(!defined(__HCC__)<sp/>&amp;&amp;<sp/>!defined(__HIPCC__))</highlight><highlight class="normal"></highlight></codeline>
<codeline lineno="51"><highlight class="normal"></highlight></codeline>
<codeline lineno="52"><highlight class="normal"></highlight><highlight class="comment">//<sp/>If<sp/>this<sp/>a<sp/>full<sp/>internal<sp/>build,<sp/>we<sp/>need<sp/>full<sp/>support<sp/>of<sp/>complex<sp/>arithmetic</highlight><highlight class="normal"></highlight></codeline>
<codeline lineno="53"><highlight class="normal"></highlight><highlight class="comment">//<sp/>and<sp/>classes.<sp/>We<sp/>need<sp/>__host__<sp/>and<sp/>__device__<sp/>so<sp/>we<sp/>use<sp/>&lt;hip/hip_runtime.h&gt;.</highlight><highlight class="normal"></highlight></codeline>
<codeline lineno="54"><highlight class="normal"></highlight></codeline>
<codeline lineno="55"><highlight class="normal"></highlight><highlight class="preprocessor">#include<sp/>&quot;rocblas-export.h&quot;</highlight><highlight class="normal"></highlight></codeline>
<codeline lineno="56"><highlight class="normal"></highlight><highlight class="preprocessor">#include<sp/>&lt;hip/hip_runtime.h&gt;</highlight><highlight class="normal"></highlight></codeline>
<codeline lineno="57"><highlight class="normal"></highlight><highlight class="preprocessor">#include<sp/>&lt;math.h&gt;</highlight><highlight class="normal"></highlight></codeline>
<codeline lineno="58"><highlight class="normal"></highlight><highlight class="preprocessor">#include<sp/>&lt;ostream&gt;</highlight><highlight class="normal"></highlight></codeline>
<codeline lineno="59"><highlight class="normal"></highlight><highlight class="preprocessor">#include<sp/>&lt;type_traits&gt;</highlight><highlight class="normal"></highlight></codeline>
<codeline lineno="60"><highlight class="normal"></highlight></codeline>
<codeline lineno="61"><highlight class="normal"></highlight><highlight class="preprocessor">#include<sp/>&lt;complex&gt;</highlight><highlight class="normal"></highlight></codeline>
<codeline lineno="62"><highlight class="normal"></highlight></codeline>
<codeline lineno="66"><highlight class="keyword">template</highlight><highlight class="normal"><sp/>&lt;</highlight><highlight class="keyword">typename</highlight><highlight class="normal"><sp/>T&gt;</highlight></codeline>
<codeline lineno="67"><highlight class="normal"></highlight><highlight class="keyword">class<sp/></highlight><highlight class="normal">ROCBLAS_EXPORT<sp/>rocblas_complex_num</highlight></codeline>
<codeline lineno="68"><highlight class="normal">{</highlight></codeline>
<codeline lineno="69"><highlight class="normal"><sp/><sp/><sp/><sp/>T<sp/>x;<sp/></highlight><highlight class="comment">//<sp/>The<sp/>real<sp/>part<sp/>of<sp/>the<sp/>number.</highlight><highlight class="normal"></highlight></codeline>
<codeline lineno="70"><highlight class="normal"><sp/><sp/><sp/><sp/>T<sp/>y;<sp/></highlight><highlight class="comment">//<sp/>The<sp/>imaginary<sp/>part<sp/>of<sp/>the<sp/>number.</highlight><highlight class="normal"></highlight></codeline>
<codeline lineno="71"><highlight class="normal"></highlight></codeline>
<codeline lineno="72"><highlight class="normal"><sp/><sp/><sp/><sp/></highlight><highlight class="comment">//<sp/>Internal<sp/>real<sp/>absolute<sp/>function,<sp/>to<sp/>be<sp/>sure<sp/>we&apos;re<sp/>on<sp/>both<sp/>device<sp/>and<sp/>host</highlight><highlight class="normal"></highlight></codeline>
<codeline lineno="73"><highlight class="normal"><sp/><sp/><sp/><sp/></highlight><highlight class="keyword">static</highlight><highlight class="normal"><sp/>__forceinline__<sp/>__device__<sp/>__host__<sp/>T<sp/>abs(T<sp/>x)</highlight></codeline>
<codeline lineno="74"><highlight class="normal"><sp/><sp/><sp/><sp/>{</highlight></codeline>
<codeline lineno="75"><highlight class="normal"><sp/><sp/><sp/><sp/><sp/><sp/><sp/><sp/></highlight><highlight class="keywordflow">return</highlight><highlight class="normal"><sp/>x<sp/>&lt;<sp/>0<sp/>?<sp/>-x<sp/>:<sp/>x;</highlight></codeline>
<codeline lineno="76"><highlight class="normal"><sp/><sp/><sp/><sp/>}</highlight></codeline>
<codeline lineno="77"><highlight class="normal"></highlight></codeline>
<codeline lineno="78"><highlight class="normal"><sp/><sp/><sp/><sp/></highlight><highlight class="keyword">static</highlight><highlight class="normal"><sp/>__forceinline__<sp/>__device__<sp/>__host__<sp/></highlight><highlight class="keywordtype">float</highlight><highlight class="normal"><sp/>sqrt(</highlight><highlight class="keywordtype">float</highlight><highlight class="normal"><sp/>x)</highlight></codeline>
<codeline lineno="79"><highlight class="normal"><sp/><sp/><sp/><sp/>{</highlight></codeline>
<codeline lineno="80"><highlight class="normal"><sp/><sp/><sp/><sp/><sp/><sp/><sp/><sp/>return<sp/>::sqrtf(x);</highlight></codeline>
<codeline lineno="81"><highlight class="normal"><sp/><sp/><sp/><sp/>}</highlight></codeline>
<codeline lineno="82"><highlight class="normal"></highlight></codeline>
<codeline lineno="83"><highlight class="normal"><sp/><sp/><sp/><sp/></highlight><highlight class="keyword">static</highlight><highlight class="normal"><sp/>__forceinline__<sp/>__device__<sp/>__host__<sp/></highlight><highlight class="keywordtype">double</highlight><highlight class="normal"><sp/>sqrt(</highlight><highlight class="keywordtype">double</highlight><highlight class="normal"><sp/>x)</highlight></codeline>
<codeline lineno="84"><highlight class="normal"><sp/><sp/><sp/><sp/>{</highlight></codeline>
<codeline lineno="85"><highlight class="normal"><sp/><sp/><sp/><sp/><sp/><sp/><sp/><sp/>return<sp/>::sqrt(x);</highlight></codeline>
<codeline lineno="86"><highlight class="normal"><sp/><sp/><sp/><sp/>}</highlight></codeline>
<codeline lineno="87"><highlight class="normal"></highlight></codeline>
<codeline lineno="88"><highlight class="normal"></highlight><highlight class="keyword">public</highlight><highlight class="normal">:</highlight></codeline>
<codeline lineno="89"><highlight class="normal"><sp/><sp/><sp/><sp/></highlight><highlight class="comment">//<sp/>We<sp/>do<sp/>not<sp/>initialize<sp/>the<sp/>members<sp/>x<sp/>or<sp/>y<sp/>by<sp/>default,<sp/>to<sp/>ensure<sp/>that<sp/>it<sp/>can</highlight><highlight class="normal"></highlight></codeline>
<codeline lineno="90"><highlight class="normal"><sp/><sp/><sp/><sp/></highlight><highlight class="comment">//<sp/>be<sp/>used<sp/>in<sp/>__shared__<sp/>and<sp/>that<sp/>it<sp/>is<sp/>a<sp/>trivial<sp/>class<sp/>compatible<sp/>with<sp/>C.</highlight><highlight class="normal"></highlight></codeline>
<codeline lineno="91"><highlight class="normal"><sp/><sp/><sp/><sp/>__device__<sp/>__host__<sp/>rocblas_complex_num()<sp/><sp/><sp/><sp/><sp/><sp/><sp/><sp/><sp/><sp/><sp/><sp/><sp/><sp/><sp/><sp/><sp/><sp/><sp/><sp/><sp/><sp/><sp/><sp/><sp/><sp/><sp/>=<sp/></highlight><highlight class="keywordflow">default</highlight><highlight class="normal">;</highlight></codeline>
<codeline lineno="92"><highlight class="normal"><sp/><sp/><sp/><sp/>__device__<sp/>__host__<sp/>rocblas_complex_num(</highlight><highlight class="keyword">const</highlight><highlight class="normal"><sp/>rocblas_complex_num&amp;)<sp/>=<sp/></highlight><highlight class="keywordflow">default</highlight><highlight class="normal">;</highlight></codeline>
<codeline lineno="93"><highlight class="normal"><sp/><sp/><sp/><sp/>__device__<sp/>__host__<sp/>rocblas_complex_num(rocblas_complex_num&amp;&amp;)<sp/><sp/><sp/><sp/><sp/><sp/>=<sp/></highlight><highlight class="keywordflow">default</highlight><highlight class="normal">;</highlight></codeline>
<codeline lineno="94"><highlight class="normal"><sp/><sp/><sp/><sp/>__device__<sp/>__host__<sp/>rocblas_complex_num&amp;<sp/>operator=(</highlight><highlight class="keyword">const</highlight><highlight class="normal"><sp/>rocblas_complex_num&amp;<sp/>rhs)<sp/>&amp;<sp/>=<sp/></highlight><highlight class="keywordflow">default</highlight><highlight class="normal">;</highlight></codeline>
<codeline lineno="95"><highlight class="normal"><sp/><sp/><sp/><sp/>__device__<sp/>__host__<sp/>rocblas_complex_num&amp;<sp/>operator=(rocblas_complex_num&amp;&amp;<sp/>rhs)<sp/>&amp;<sp/>=<sp/></highlight><highlight class="keywordflow">default</highlight><highlight class="normal">;</highlight></codeline>
<codeline lineno="96"><highlight class="normal"><sp/><sp/><sp/><sp/>__device__<sp/><sp/><sp/><sp/><sp/><sp/><sp/><sp/><sp/><sp/><sp/><sp/><sp/><sp/><sp/><sp/><sp/><sp/><sp/><sp/><sp/><sp/><sp/><sp/><sp/><sp/><sp/><sp/><sp/><sp/><sp/>__host__<sp/>~rocblas_complex_num()<sp/><sp/><sp/><sp/><sp/><sp/><sp/><sp/>=<sp/></highlight><highlight class="keywordflow">default</highlight><highlight class="normal">;</highlight></codeline>
<codeline lineno="97"><highlight class="normal"><sp/><sp/><sp/><sp/></highlight><highlight class="keyword">using</highlight><highlight class="normal"><sp/>value_type<sp/><sp/><sp/><sp/><sp/><sp/><sp/><sp/><sp/><sp/><sp/><sp/><sp/><sp/><sp/><sp/><sp/><sp/><sp/><sp/><sp/><sp/><sp/><sp/><sp/><sp/><sp/><sp/><sp/><sp/><sp/><sp/><sp/><sp/><sp/><sp/><sp/><sp/><sp/><sp/><sp/><sp/><sp/><sp/><sp/><sp/><sp/><sp/><sp/><sp/><sp/><sp/><sp/><sp/><sp/><sp/><sp/><sp/><sp/><sp/><sp/><sp/><sp/><sp/>=<sp/>T;</highlight></codeline>
<codeline lineno="98"><highlight class="normal"></highlight></codeline>
<codeline lineno="99"><highlight class="normal"><sp/><sp/><sp/><sp/></highlight><highlight class="comment">//<sp/>Constructor</highlight><highlight class="normal"></highlight></codeline>
<codeline lineno="100"><highlight class="normal"><sp/><sp/><sp/><sp/>__device__<sp/>__host__<sp/>constexpr<sp/>rocblas_complex_num(T<sp/>r,<sp/>T<sp/>i)</highlight></codeline>
<codeline lineno="101"><highlight class="normal"><sp/><sp/><sp/><sp/><sp/><sp/><sp/><sp/>:<sp/>x{r}</highlight></codeline>
<codeline lineno="102"><highlight class="normal"><sp/><sp/><sp/><sp/><sp/><sp/><sp/><sp/>,<sp/>y{i}</highlight></codeline>
<codeline lineno="103"><highlight class="normal"><sp/><sp/><sp/><sp/>{</highlight></codeline>
<codeline lineno="104"><highlight class="normal"><sp/><sp/><sp/><sp/>}</highlight></codeline>
<codeline lineno="105"><highlight class="normal"></highlight></codeline>
<codeline lineno="106"><highlight class="normal"><sp/><sp/><sp/><sp/></highlight><highlight class="comment">//<sp/>Conversion<sp/>from<sp/>real</highlight><highlight class="normal"></highlight></codeline>
<codeline lineno="107"><highlight class="normal"><sp/><sp/><sp/><sp/></highlight><highlight class="comment">//<sp/>TODO:<sp/>Make<sp/>constexpr<sp/>after<sp/>HSA_STATUS_ERROR_INVALID_ISA<sp/>bug<sp/>goes<sp/>away</highlight><highlight class="normal"></highlight></codeline>
<codeline lineno="108"><highlight class="normal"><sp/><sp/><sp/><sp/>__device__<sp/>__host__<sp/>rocblas_complex_num(T<sp/>r)</highlight></codeline>
<codeline lineno="109"><highlight class="normal"><sp/><sp/><sp/><sp/><sp/><sp/><sp/><sp/>:<sp/>x{r}</highlight></codeline>
<codeline lineno="110"><highlight class="normal"><sp/><sp/><sp/><sp/><sp/><sp/><sp/><sp/>,<sp/>y{0}</highlight></codeline>
<codeline lineno="111"><highlight class="normal"><sp/><sp/><sp/><sp/>{</highlight></codeline>
<codeline lineno="112"><highlight class="normal"><sp/><sp/><sp/><sp/>}</highlight></codeline>
<codeline lineno="113"><highlight class="normal"></highlight></codeline>
<codeline lineno="114"><highlight class="normal"><sp/><sp/><sp/><sp/></highlight><highlight class="comment">//<sp/>Conversion<sp/>from<sp/>std::complex&lt;T&gt;</highlight><highlight class="normal"></highlight></codeline>
<codeline lineno="115"><highlight class="normal"><sp/><sp/><sp/><sp/>__device__<sp/>__host__<sp/>constexpr<sp/>rocblas_complex_num(</highlight><highlight class="keyword">const</highlight><highlight class="normal"><sp/>std::complex&lt;T&gt;&amp;<sp/>z)</highlight></codeline>
<codeline lineno="116"><highlight class="normal"><sp/><sp/><sp/><sp/><sp/><sp/><sp/><sp/>:<sp/>x{z.real()}</highlight></codeline>
<codeline lineno="117"><highlight class="normal"><sp/><sp/><sp/><sp/><sp/><sp/><sp/><sp/>,<sp/>y{z.imag()}</highlight></codeline>
<codeline lineno="118"><highlight class="normal"><sp/><sp/><sp/><sp/>{</highlight></codeline>
<codeline lineno="119"><highlight class="normal"><sp/><sp/><sp/><sp/>}</highlight></codeline>
<codeline lineno="120"><highlight class="normal"></highlight></codeline>
<codeline lineno="121"><highlight class="normal"><sp/><sp/><sp/><sp/></highlight><highlight class="comment">//<sp/>Conversion<sp/>to<sp/>std::complex&lt;T&gt;</highlight><highlight class="normal"></highlight></codeline>
<codeline lineno="122"><highlight class="normal"><sp/><sp/><sp/><sp/>__device__<sp/>__host__<sp/>constexpr<sp/></highlight><highlight class="keyword">operator</highlight><highlight class="normal"><sp/>std::complex&lt;T&gt;()</highlight><highlight class="keyword"><sp/>const</highlight></codeline>
<codeline lineno="123"><highlight class="keyword"><sp/><sp/><sp/><sp/></highlight><highlight class="normal">{</highlight></codeline>
<codeline lineno="124"><highlight class="normal"><sp/><sp/><sp/><sp/><sp/><sp/><sp/><sp/></highlight><highlight class="keywordflow">return</highlight><highlight class="normal"><sp/>{x,<sp/>y};</highlight></codeline>
<codeline lineno="125"><highlight class="normal"><sp/><sp/><sp/><sp/>}</highlight></codeline>
<codeline lineno="126"><highlight class="normal"></highlight></codeline>
<codeline lineno="127"><highlight class="normal"><sp/><sp/><sp/><sp/></highlight><highlight class="comment">//<sp/>Conversion<sp/>from<sp/>different<sp/>complex<sp/>(explicit)</highlight><highlight class="normal"></highlight></codeline>
<codeline lineno="128"><highlight class="normal"><sp/><sp/><sp/><sp/></highlight><highlight class="keyword">template</highlight><highlight class="normal"><sp/>&lt;</highlight><highlight class="keyword">typename</highlight><highlight class="normal"><sp/>U,<sp/>std::enable_if_t&lt;std::is_constructible&lt;T,<sp/>U&gt;{},<sp/></highlight><highlight class="keywordtype">int</highlight><highlight class="normal">&gt;<sp/>=<sp/>0&gt;</highlight></codeline>
<codeline lineno="129"><highlight class="normal"><sp/><sp/><sp/><sp/>__device__<sp/>__host__<sp/></highlight><highlight class="keyword">explicit</highlight><highlight class="normal"><sp/>constexpr<sp/>rocblas_complex_num(</highlight><highlight class="keyword">const</highlight><highlight class="normal"><sp/>rocblas_complex_num&lt;U&gt;&amp;<sp/>z)</highlight></codeline>
<codeline lineno="130"><highlight class="normal"><sp/><sp/><sp/><sp/><sp/><sp/><sp/><sp/>:<sp/>x(z.real())</highlight></codeline>
<codeline lineno="131"><highlight class="normal"><sp/><sp/><sp/><sp/><sp/><sp/><sp/><sp/>,<sp/>y(z.imag())</highlight></codeline>
<codeline lineno="132"><highlight class="normal"><sp/><sp/><sp/><sp/>{</highlight></codeline>
<codeline lineno="133"><highlight class="normal"><sp/><sp/><sp/><sp/>}</highlight></codeline>
<codeline lineno="134"><highlight class="normal"></highlight></codeline>
<codeline lineno="135"><highlight class="normal"><sp/><sp/><sp/><sp/></highlight><highlight class="comment">//<sp/>Conversion<sp/>to<sp/>bool</highlight><highlight class="normal"></highlight></codeline>
<codeline lineno="136"><highlight class="normal"><sp/><sp/><sp/><sp/>__device__<sp/>__host__<sp/>constexpr<sp/></highlight><highlight class="keyword">explicit</highlight><highlight class="normal"><sp/></highlight><highlight class="keyword">operator</highlight><highlight class="normal"><sp/>bool()</highlight><highlight class="keyword"><sp/>const</highlight></codeline>
<codeline lineno="137"><highlight class="keyword"><sp/><sp/><sp/><sp/></highlight><highlight class="normal">{</highlight></codeline>
<codeline lineno="138"><highlight class="normal"><sp/><sp/><sp/><sp/><sp/><sp/><sp/><sp/></highlight><highlight class="keywordflow">return</highlight><highlight class="normal"><sp/>x<sp/>||<sp/>y;</highlight></codeline>
<codeline lineno="139"><highlight class="normal"><sp/><sp/><sp/><sp/>}</highlight></codeline>
<codeline lineno="140"><highlight class="normal"></highlight></codeline>
<codeline lineno="141"><highlight class="normal"><sp/><sp/><sp/><sp/></highlight><highlight class="comment">//<sp/>Setters<sp/>like<sp/>C++20</highlight><highlight class="normal"></highlight></codeline>
<codeline lineno="142"><highlight class="normal"><sp/><sp/><sp/><sp/>__device__<sp/>__host__<sp/>constexpr<sp/></highlight><highlight class="keywordtype">void</highlight><highlight class="normal"><sp/>real(T<sp/>r)</highlight></codeline>
<codeline lineno="143"><highlight class="normal"><sp/><sp/><sp/><sp/>{</highlight></codeline>
<codeline lineno="144"><highlight class="normal"><sp/><sp/><sp/><sp/><sp/><sp/><sp/><sp/>x<sp/>=<sp/>r;</highlight></codeline>
<codeline lineno="145"><highlight class="normal"><sp/><sp/><sp/><sp/>}</highlight></codeline>
<codeline lineno="146"><highlight class="normal"></highlight></codeline>
<codeline lineno="147"><highlight class="normal"><sp/><sp/><sp/><sp/>__device__<sp/>__host__<sp/>constexpr<sp/></highlight><highlight class="keywordtype">void</highlight><highlight class="normal"><sp/>imag(T<sp/>i)</highlight></codeline>
<codeline lineno="148"><highlight class="normal"><sp/><sp/><sp/><sp/>{</highlight></codeline>
<codeline lineno="149"><highlight class="normal"><sp/><sp/><sp/><sp/><sp/><sp/><sp/><sp/>y<sp/>=<sp/>i;</highlight></codeline>
<codeline lineno="150"><highlight class="normal"><sp/><sp/><sp/><sp/>}</highlight></codeline>
<codeline lineno="151"><highlight class="normal"></highlight></codeline>
<codeline lineno="152"><highlight class="normal"><sp/><sp/><sp/><sp/></highlight><highlight class="comment">//<sp/>Accessors</highlight><highlight class="normal"></highlight></codeline>
<codeline lineno="153"><highlight class="normal"><sp/><sp/><sp/><sp/></highlight><highlight class="keyword">friend</highlight><highlight class="normal"><sp/>__device__<sp/>__host__<sp/>T<sp/>std::real(</highlight><highlight class="keyword">const</highlight><highlight class="normal"><sp/>rocblas_complex_num&amp;<sp/>z);</highlight></codeline>
<codeline lineno="154"><highlight class="normal"><sp/><sp/><sp/><sp/></highlight><highlight class="keyword">friend</highlight><highlight class="normal"><sp/>__device__<sp/>__host__<sp/>T<sp/>std::imag(</highlight><highlight class="keyword">const</highlight><highlight class="normal"><sp/>rocblas_complex_num&amp;<sp/>z);</highlight></codeline>
<codeline lineno="155"><highlight class="normal"></highlight></codeline>
<codeline lineno="156"><highlight class="normal"><sp/><sp/><sp/><sp/>__device__<sp/>__host__<sp/>constexpr<sp/>T<sp/>real()</highlight><highlight class="keyword"><sp/>const</highlight></codeline>
<codeline lineno="157"><highlight class="keyword"><sp/><sp/><sp/><sp/></highlight><highlight class="normal">{</highlight></codeline>
<codeline lineno="158"><highlight class="normal"><sp/><sp/><sp/><sp/><sp/><sp/><sp/><sp/></highlight><highlight class="keywordflow">return</highlight><highlight class="normal"><sp/>x;</highlight></codeline>
<codeline lineno="159"><highlight class="normal"><sp/><sp/><sp/><sp/>}</highlight></codeline>
<codeline lineno="160"><highlight class="normal"></highlight></codeline>
<codeline lineno="161"><highlight class="normal"><sp/><sp/><sp/><sp/>__device__<sp/>__host__<sp/>constexpr<sp/>T<sp/>imag()</highlight><highlight class="keyword"><sp/>const</highlight></codeline>
<codeline lineno="162"><highlight class="keyword"><sp/><sp/><sp/><sp/></highlight><highlight class="normal">{</highlight></codeline>
<codeline lineno="163"><highlight class="normal"><sp/><sp/><sp/><sp/><sp/><sp/><sp/><sp/></highlight><highlight class="keywordflow">return</highlight><highlight class="normal"><sp/>y;</highlight></codeline>
<codeline lineno="164"><highlight class="normal"><sp/><sp/><sp/><sp/>}</highlight></codeline>
<codeline lineno="165"><highlight class="normal"></highlight></codeline>
<codeline lineno="166"><highlight class="normal"><sp/><sp/><sp/><sp/></highlight><highlight class="comment">//<sp/>stream<sp/>output</highlight><highlight class="normal"></highlight></codeline>
<codeline lineno="167"><highlight class="normal"><sp/><sp/><sp/><sp/></highlight><highlight class="keyword">friend</highlight><highlight class="normal"><sp/></highlight><highlight class="keyword">auto</highlight><highlight class="normal">&amp;<sp/>operator&lt;&lt;(std::ostream&amp;<sp/>out,<sp/></highlight><highlight class="keyword">const</highlight><highlight class="normal"><sp/>rocblas_complex_num&amp;<sp/>z)</highlight></codeline>
<codeline lineno="168"><highlight class="normal"><sp/><sp/><sp/><sp/>{</highlight></codeline>
<codeline lineno="169"><highlight class="normal"><sp/><sp/><sp/><sp/><sp/><sp/><sp/><sp/></highlight><highlight class="keywordflow">return</highlight><highlight class="normal"><sp/>out<sp/>&lt;&lt;<sp/></highlight><highlight class="charliteral">&apos;(&apos;</highlight><highlight class="normal"><sp/>&lt;&lt;<sp/>z.x<sp/>&lt;&lt;<sp/></highlight><highlight class="charliteral">&apos;,&apos;</highlight><highlight class="normal"><sp/>&lt;&lt;<sp/>z.y<sp/>&lt;&lt;<sp/></highlight><highlight class="charliteral">&apos;)&apos;</highlight><highlight class="normal">;</highlight></codeline>
<codeline lineno="170"><highlight class="normal"><sp/><sp/><sp/><sp/>}</highlight></codeline>
<codeline lineno="171"><highlight class="normal"></highlight></codeline>
<codeline lineno="172"><highlight class="normal"><sp/><sp/><sp/><sp/></highlight><highlight class="comment">//<sp/>complex-real<sp/>operations</highlight><highlight class="normal"></highlight></codeline>
<codeline lineno="173"><highlight class="normal"><sp/><sp/><sp/><sp/></highlight><highlight class="keyword">template</highlight><highlight class="normal"><sp/>&lt;</highlight><highlight class="keyword">typename</highlight><highlight class="normal"><sp/>U,<sp/>std::enable_if_t&lt;std::is_convertible&lt;U,<sp/>T&gt;{},<sp/></highlight><highlight class="keywordtype">int</highlight><highlight class="normal">&gt;<sp/>=<sp/>0&gt;</highlight></codeline>
<codeline lineno="174"><highlight class="normal"><sp/><sp/><sp/><sp/>__device__<sp/>__host__<sp/></highlight><highlight class="keyword">auto</highlight><highlight class="normal">&amp;<sp/>operator+=(</highlight><highlight class="keyword">const</highlight><highlight class="normal"><sp/>U&amp;<sp/>rhs)</highlight></codeline>
<codeline lineno="175"><highlight class="normal"><sp/><sp/><sp/><sp/>{</highlight></codeline>
<codeline lineno="176"><highlight class="normal"><sp/><sp/><sp/><sp/><sp/><sp/><sp/><sp/></highlight><highlight class="keywordflow">return</highlight><highlight class="normal"><sp/>(x<sp/>+=<sp/>T(rhs)),<sp/>*</highlight><highlight class="keyword">this</highlight><highlight class="normal">;</highlight></codeline>
<codeline lineno="177"><highlight class="normal"><sp/><sp/><sp/><sp/>}</highlight></codeline>
<codeline lineno="178"><highlight class="normal"></highlight></codeline>
<codeline lineno="179"><highlight class="normal"><sp/><sp/><sp/><sp/></highlight><highlight class="keyword">template</highlight><highlight class="normal"><sp/>&lt;</highlight><highlight class="keyword">typename</highlight><highlight class="normal"><sp/>U,<sp/>std::enable_if_t&lt;std::is_convertible&lt;U,<sp/>T&gt;{},<sp/></highlight><highlight class="keywordtype">int</highlight><highlight class="normal">&gt;<sp/>=<sp/>0&gt;</highlight></codeline>
<codeline lineno="180"><highlight class="normal"><sp/><sp/><sp/><sp/>__device__<sp/>__host__<sp/></highlight><highlight class="keyword">auto</highlight><highlight class="normal">&amp;<sp/>operator-=(</highlight><highlight class="keyword">const</highlight><highlight class="normal"><sp/>U&amp;<sp/>rhs)</highlight></codeline>
<codeline lineno="181"><highlight class="normal"><sp/><sp/><sp/><sp/>{</highlight></codeline>
<codeline lineno="182"><highlight class="normal"><sp/><sp/><sp/><sp/><sp/><sp/><sp/><sp/></highlight><highlight class="keywordflow">return</highlight><highlight class="normal"><sp/>(x<sp/>-=<sp/>T(rhs)),<sp/>*</highlight><highlight class="keyword">this</highlight><highlight class="normal">;</highlight></codeline>
<codeline lineno="183"><highlight class="normal"><sp/><sp/><sp/><sp/>}</highlight></codeline>
<codeline lineno="184"><highlight class="normal"></highlight></codeline>
<codeline lineno="185"><highlight class="normal"><sp/><sp/><sp/><sp/></highlight><highlight class="keyword">template</highlight><highlight class="normal"><sp/>&lt;</highlight><highlight class="keyword">typename</highlight><highlight class="normal"><sp/>U,<sp/>std::enable_if_t&lt;std::is_convertible&lt;U,<sp/>T&gt;{},<sp/></highlight><highlight class="keywordtype">int</highlight><highlight class="normal">&gt;<sp/>=<sp/>0&gt;</highlight></codeline>
<codeline lineno="186"><highlight class="normal"><sp/><sp/><sp/><sp/>__device__<sp/>__host__<sp/></highlight><highlight class="keyword">auto</highlight><highlight class="normal">&amp;<sp/>operator*=(</highlight><highlight class="keyword">const</highlight><highlight class="normal"><sp/>U&amp;<sp/>rhs)</highlight></codeline>
<codeline lineno="187"><highlight class="normal"><sp/><sp/><sp/><sp/>{</highlight></codeline>
<codeline lineno="188"><highlight class="normal"><sp/><sp/><sp/><sp/><sp/><sp/><sp/><sp/></highlight><highlight class="keywordflow">return</highlight><highlight class="normal"><sp/>(x<sp/>*=<sp/>rhs),<sp/>(y<sp/>*=<sp/>T(rhs)),<sp/>*</highlight><highlight class="keyword">this</highlight><highlight class="normal">;</highlight></codeline>
<codeline lineno="189"><highlight class="normal"><sp/><sp/><sp/><sp/>}</highlight></codeline>
<codeline lineno="190"><highlight class="normal"></highlight></codeline>
<codeline lineno="191"><highlight class="normal"><sp/><sp/><sp/><sp/></highlight><highlight class="keyword">template</highlight><highlight class="normal"><sp/>&lt;</highlight><highlight class="keyword">typename</highlight><highlight class="normal"><sp/>U,<sp/>std::enable_if_t&lt;std::is_convertible&lt;U,<sp/>T&gt;{},<sp/></highlight><highlight class="keywordtype">int</highlight><highlight class="normal">&gt;<sp/>=<sp/>0&gt;</highlight></codeline>
<codeline lineno="192"><highlight class="normal"><sp/><sp/><sp/><sp/>__device__<sp/>__host__<sp/></highlight><highlight class="keyword">auto</highlight><highlight class="normal">&amp;<sp/>operator/=(</highlight><highlight class="keyword">const</highlight><highlight class="normal"><sp/>U&amp;<sp/>rhs)</highlight></codeline>
<codeline lineno="193"><highlight class="normal"><sp/><sp/><sp/><sp/>{</highlight></codeline>
<codeline lineno="194"><highlight class="normal"><sp/><sp/><sp/><sp/><sp/><sp/><sp/><sp/></highlight><highlight class="keywordflow">return</highlight><highlight class="normal"><sp/>(x<sp/>/=<sp/>T(rhs)),<sp/>(y<sp/>/=<sp/>T(rhs)),<sp/>*</highlight><highlight class="keyword">this</highlight><highlight class="normal">;</highlight></codeline>
<codeline lineno="195"><highlight class="normal"><sp/><sp/><sp/><sp/>}</highlight></codeline>
<codeline lineno="196"><highlight class="normal"></highlight></codeline>
<codeline lineno="197"><highlight class="normal"><sp/><sp/><sp/><sp/></highlight><highlight class="keyword">template</highlight><highlight class="normal"><sp/>&lt;</highlight><highlight class="keyword">typename</highlight><highlight class="normal"><sp/>U,<sp/>std::enable_if_t&lt;std::is_convertible&lt;U,<sp/>T&gt;{},<sp/></highlight><highlight class="keywordtype">int</highlight><highlight class="normal">&gt;<sp/>=<sp/>0&gt;</highlight></codeline>
<codeline lineno="198"><highlight class="normal"><sp/><sp/><sp/><sp/>__device__<sp/>__host__<sp/>constexpr<sp/></highlight><highlight class="keywordtype">bool</highlight><highlight class="normal"><sp/>operator==(</highlight><highlight class="keyword">const</highlight><highlight class="normal"><sp/>U&amp;<sp/>rhs)</highlight><highlight class="keyword"><sp/>const</highlight></codeline>
<codeline lineno="199"><highlight class="keyword"><sp/><sp/><sp/><sp/></highlight><highlight class="normal">{</highlight></codeline>
<codeline lineno="200"><highlight class="normal"><sp/><sp/><sp/><sp/><sp/><sp/><sp/><sp/></highlight><highlight class="keywordflow">return</highlight><highlight class="normal"><sp/>x<sp/>==<sp/>T(rhs)<sp/>&amp;&amp;<sp/>y<sp/>==<sp/>0;</highlight></codeline>
<codeline lineno="201"><highlight class="normal"><sp/><sp/><sp/><sp/>}</highlight></codeline>
<codeline lineno="202"><highlight class="normal"></highlight></codeline>
<codeline lineno="203"><highlight class="normal"><sp/><sp/><sp/><sp/></highlight><highlight class="keyword">template</highlight><highlight class="normal"><sp/>&lt;</highlight><highlight class="keyword">typename</highlight><highlight class="normal"><sp/>U,<sp/>std::enable_if_t&lt;std::is_convertible&lt;U,<sp/>T&gt;{},<sp/></highlight><highlight class="keywordtype">int</highlight><highlight class="normal">&gt;<sp/>=<sp/>0&gt;</highlight></codeline>
<codeline lineno="204"><highlight class="normal"><sp/><sp/><sp/><sp/>__device__<sp/>__host__<sp/>constexpr<sp/></highlight><highlight class="keywordtype">bool</highlight><highlight class="normal"><sp/>operator!=(</highlight><highlight class="keyword">const</highlight><highlight class="normal"><sp/>U&amp;<sp/>rhs)</highlight><highlight class="keyword"><sp/>const</highlight></codeline>
<codeline lineno="205"><highlight class="keyword"><sp/><sp/><sp/><sp/></highlight><highlight class="normal">{</highlight></codeline>
<codeline lineno="206"><highlight class="normal"><sp/><sp/><sp/><sp/><sp/><sp/><sp/><sp/></highlight><highlight class="keywordflow">return</highlight><highlight class="normal"><sp/>!(*</highlight><highlight class="keyword">this</highlight><highlight class="normal"><sp/>==<sp/>rhs);</highlight></codeline>
<codeline lineno="207"><highlight class="normal"><sp/><sp/><sp/><sp/>}</highlight></codeline>
<codeline lineno="208"><highlight class="normal"></highlight></codeline>
<codeline lineno="209"><highlight class="normal"><sp/><sp/><sp/><sp/></highlight><highlight class="comment">//<sp/>Increment<sp/>and<sp/>decrement</highlight><highlight class="normal"></highlight></codeline>
<codeline lineno="210"><highlight class="normal"><sp/><sp/><sp/><sp/>__device__<sp/>__host__<sp/></highlight><highlight class="keyword">auto</highlight><highlight class="normal">&amp;<sp/>operator++()</highlight></codeline>
<codeline lineno="211"><highlight class="normal"><sp/><sp/><sp/><sp/>{</highlight></codeline>
<codeline lineno="212"><highlight class="normal"><sp/><sp/><sp/><sp/><sp/><sp/><sp/><sp/></highlight><highlight class="keywordflow">return</highlight><highlight class="normal"><sp/>++x,<sp/>*</highlight><highlight class="keyword">this</highlight><highlight class="normal">;</highlight></codeline>
<codeline lineno="213"><highlight class="normal"><sp/><sp/><sp/><sp/>}</highlight></codeline>
<codeline lineno="214"><highlight class="normal"></highlight></codeline>
<codeline lineno="215"><highlight class="normal"><sp/><sp/><sp/><sp/>__device__<sp/>__host__<sp/>rocblas_complex_num<sp/>operator++(</highlight><highlight class="keywordtype">int</highlight><highlight class="normal">)</highlight></codeline>
<codeline lineno="216"><highlight class="normal"><sp/><sp/><sp/><sp/>{</highlight></codeline>
<codeline lineno="217"><highlight class="normal"><sp/><sp/><sp/><sp/><sp/><sp/><sp/><sp/></highlight><highlight class="keywordflow">return</highlight><highlight class="normal"><sp/>{x++,<sp/>y};</highlight></codeline>
<codeline lineno="218"><highlight class="normal"><sp/><sp/><sp/><sp/>}</highlight></codeline>
<codeline lineno="219"><highlight class="normal"></highlight></codeline>
<codeline lineno="220"><highlight class="normal"><sp/><sp/><sp/><sp/>__device__<sp/>__host__<sp/></highlight><highlight class="keyword">auto</highlight><highlight class="normal">&amp;<sp/>operator--()</highlight></codeline>
<codeline lineno="221"><highlight class="normal"><sp/><sp/><sp/><sp/>{</highlight></codeline>
<codeline lineno="222"><highlight class="normal"><sp/><sp/><sp/><sp/><sp/><sp/><sp/><sp/></highlight><highlight class="keywordflow">return</highlight><highlight class="normal"><sp/>--x,<sp/>*</highlight><highlight class="keyword">this</highlight><highlight class="normal">;</highlight></codeline>
<codeline lineno="223"><highlight class="normal"><sp/><sp/><sp/><sp/>}</highlight></codeline>
<codeline lineno="224"><highlight class="normal"></highlight></codeline>
<codeline lineno="225"><highlight class="normal"><sp/><sp/><sp/><sp/>__device__<sp/>__host__<sp/>rocblas_complex_num<sp/>operator--(</highlight><highlight class="keywordtype">int</highlight><highlight class="normal">)</highlight></codeline>
<codeline lineno="226"><highlight class="normal"><sp/><sp/><sp/><sp/>{</highlight></codeline>
<codeline lineno="227"><highlight class="normal"><sp/><sp/><sp/><sp/><sp/><sp/><sp/><sp/></highlight><highlight class="keywordflow">return</highlight><highlight class="normal"><sp/>{x--,<sp/>y};</highlight></codeline>
<codeline lineno="228"><highlight class="normal"><sp/><sp/><sp/><sp/>}</highlight></codeline>
<codeline lineno="229"><highlight class="normal"></highlight></codeline>
<codeline lineno="230"><highlight class="normal"><sp/><sp/><sp/><sp/></highlight><highlight class="comment">//<sp/>Unary<sp/>operations</highlight><highlight class="normal"></highlight></codeline>
<codeline lineno="231"><highlight class="normal"><sp/><sp/><sp/><sp/>__forceinline__<sp/>__device__<sp/>__host__<sp/>rocblas_complex_num<sp/>operator-()</highlight><highlight class="keyword"><sp/>const</highlight></codeline>
<codeline lineno="232"><highlight class="keyword"><sp/><sp/><sp/><sp/></highlight><highlight class="normal">{</highlight></codeline>
<codeline lineno="233"><highlight class="normal"><sp/><sp/><sp/><sp/><sp/><sp/><sp/><sp/></highlight><highlight class="keywordflow">return</highlight><highlight class="normal"><sp/>{-x,<sp/>-y};</highlight></codeline>
<codeline lineno="234"><highlight class="normal"><sp/><sp/><sp/><sp/>}</highlight></codeline>
<codeline lineno="235"><highlight class="normal"></highlight></codeline>
<codeline lineno="236"><highlight class="normal"><sp/><sp/><sp/><sp/>__forceinline__<sp/>__device__<sp/>__host__<sp/>rocblas_complex_num<sp/>operator+()</highlight><highlight class="keyword"><sp/>const</highlight></codeline>
<codeline lineno="237"><highlight class="keyword"><sp/><sp/><sp/><sp/></highlight><highlight class="normal">{</highlight></codeline>
<codeline lineno="238"><highlight class="normal"><sp/><sp/><sp/><sp/><sp/><sp/><sp/><sp/></highlight><highlight class="keywordflow">return</highlight><highlight class="normal"><sp/>*</highlight><highlight class="keyword">this</highlight><highlight class="normal">;</highlight></codeline>
<codeline lineno="239"><highlight class="normal"><sp/><sp/><sp/><sp/>}</highlight></codeline>
<codeline lineno="240"><highlight class="normal"></highlight></codeline>
<codeline lineno="241"><highlight class="normal"><sp/><sp/><sp/><sp/></highlight><highlight class="keyword">friend</highlight><highlight class="normal"><sp/>__device__<sp/>__host__<sp/>T<sp/>asum(</highlight><highlight class="keyword">const</highlight><highlight class="normal"><sp/>rocblas_complex_num&amp;<sp/>z)</highlight></codeline>
<codeline lineno="242"><highlight class="normal"><sp/><sp/><sp/><sp/>{</highlight></codeline>
<codeline lineno="243"><highlight class="normal"><sp/><sp/><sp/><sp/><sp/><sp/><sp/><sp/></highlight><highlight class="keywordflow">return</highlight><highlight class="normal"><sp/>abs(z.x)<sp/>+<sp/>abs(z.y);</highlight></codeline>
<codeline lineno="244"><highlight class="normal"><sp/><sp/><sp/><sp/>}</highlight></codeline>
<codeline lineno="245"><highlight class="normal"></highlight></codeline>
<codeline lineno="246"><highlight class="normal"><sp/><sp/><sp/><sp/></highlight><highlight class="keyword">friend</highlight><highlight class="normal"><sp/>__device__<sp/>__host__<sp/>rocblas_complex_num<sp/>std::conj(</highlight><highlight class="keyword">const</highlight><highlight class="normal"><sp/>rocblas_complex_num&amp;<sp/>z);</highlight></codeline>
<codeline lineno="247"><highlight class="normal"><sp/><sp/><sp/><sp/></highlight><highlight class="keyword">friend</highlight><highlight class="normal"><sp/>__device__<sp/>__host__<sp/>T<sp/><sp/><sp/><sp/><sp/><sp/><sp/><sp/><sp/><sp/><sp/><sp/><sp/><sp/><sp/><sp/><sp/><sp/><sp/>std::norm(</highlight><highlight class="keyword">const</highlight><highlight class="normal"><sp/>rocblas_complex_num&amp;<sp/>z);</highlight></codeline>
<codeline lineno="248"><highlight class="normal"><sp/><sp/><sp/><sp/></highlight><highlight class="keyword">friend</highlight><highlight class="normal"><sp/>__device__<sp/>__host__<sp/>T<sp/><sp/><sp/><sp/><sp/><sp/><sp/><sp/><sp/><sp/><sp/><sp/><sp/><sp/><sp/><sp/><sp/><sp/><sp/>std::abs(</highlight><highlight class="keyword">const</highlight><highlight class="normal"><sp/>rocblas_complex_num&lt;T&gt;&amp;<sp/>z);</highlight></codeline>
<codeline lineno="249"><highlight class="normal"></highlight></codeline>
<codeline lineno="250"><highlight class="normal"><sp/><sp/><sp/><sp/></highlight><highlight class="comment">//<sp/>in-place<sp/>complex-complex<sp/>operations</highlight><highlight class="normal"></highlight></codeline>
<codeline lineno="251"><highlight class="normal"><sp/><sp/><sp/><sp/>__device__<sp/>__host__<sp/></highlight><highlight class="keyword">auto</highlight><highlight class="normal">&amp;<sp/>operator*=(</highlight><highlight class="keyword">const</highlight><highlight class="normal"><sp/>rocblas_complex_num&amp;<sp/>rhs)</highlight></codeline>
<codeline lineno="252"><highlight class="normal"><sp/><sp/><sp/><sp/>{</highlight></codeline>
<codeline lineno="253"><highlight class="normal"><sp/><sp/><sp/><sp/><sp/><sp/><sp/><sp/></highlight><highlight class="keywordflow">return</highlight><highlight class="normal"><sp/>*</highlight><highlight class="keyword">this</highlight><highlight class="normal"><sp/>=<sp/>{x<sp/>*<sp/>rhs.x<sp/>-<sp/>y<sp/>*<sp/>rhs.y,<sp/>y<sp/>*<sp/>rhs.x<sp/>+<sp/>x<sp/>*<sp/>rhs.y};</highlight></codeline>
<codeline lineno="254"><highlight class="normal"><sp/><sp/><sp/><sp/>}</highlight></codeline>
<codeline lineno="255"><highlight class="normal"></highlight></codeline>
<codeline lineno="256"><highlight class="normal"><sp/><sp/><sp/><sp/>__device__<sp/>__host__<sp/></highlight><highlight class="keyword">auto</highlight><highlight class="normal">&amp;<sp/>operator+=(</highlight><highlight class="keyword">const</highlight><highlight class="normal"><sp/>rocblas_complex_num&amp;<sp/>rhs)</highlight></codeline>
<codeline lineno="257"><highlight class="normal"><sp/><sp/><sp/><sp/>{</highlight></codeline>
<codeline lineno="258"><highlight class="normal"><sp/><sp/><sp/><sp/><sp/><sp/><sp/><sp/></highlight><highlight class="keywordflow">return</highlight><highlight class="normal"><sp/>*</highlight><highlight class="keyword">this</highlight><highlight class="normal"><sp/>=<sp/>{x<sp/>+<sp/>rhs.x,<sp/>y<sp/>+<sp/>rhs.y};</highlight></codeline>
<codeline lineno="259"><highlight class="normal"><sp/><sp/><sp/><sp/>}</highlight></codeline>
<codeline lineno="260"><highlight class="normal"></highlight></codeline>
<codeline lineno="261"><highlight class="normal"><sp/><sp/><sp/><sp/>__device__<sp/>__host__<sp/></highlight><highlight class="keyword">auto</highlight><highlight class="normal">&amp;<sp/>operator-=(</highlight><highlight class="keyword">const</highlight><highlight class="normal"><sp/>rocblas_complex_num&amp;<sp/>rhs)</highlight></codeline>
<codeline lineno="262"><highlight class="normal"><sp/><sp/><sp/><sp/>{</highlight></codeline>
<codeline lineno="263"><highlight class="normal"><sp/><sp/><sp/><sp/><sp/><sp/><sp/><sp/></highlight><highlight class="keywordflow">return</highlight><highlight class="normal"><sp/>*</highlight><highlight class="keyword">this</highlight><highlight class="normal"><sp/>=<sp/>{x<sp/>-<sp/>rhs.x,<sp/>y<sp/>-<sp/>rhs.y};</highlight></codeline>
<codeline lineno="264"><highlight class="normal"><sp/><sp/><sp/><sp/>}</highlight></codeline>
<codeline lineno="265"><highlight class="normal"></highlight></codeline>
<codeline lineno="266"><highlight class="normal"><sp/><sp/><sp/><sp/>__device__<sp/>__host__<sp/></highlight><highlight class="keyword">auto</highlight><highlight class="normal">&amp;<sp/>operator/=(</highlight><highlight class="keyword">const</highlight><highlight class="normal"><sp/>rocblas_complex_num&amp;<sp/>rhs)</highlight></codeline>
<codeline lineno="267"><highlight class="normal"><sp/><sp/><sp/><sp/>{</highlight></codeline>
<codeline lineno="268"><highlight class="normal"><sp/><sp/><sp/><sp/><sp/><sp/><sp/><sp/></highlight><highlight class="keywordflow">if</highlight><highlight class="normal">(abs(rhs.x)<sp/>&gt;<sp/>abs(rhs.y))</highlight></codeline>
<codeline lineno="269"><highlight class="normal"><sp/><sp/><sp/><sp/><sp/><sp/><sp/><sp/>{</highlight></codeline>
<codeline lineno="270"><highlight class="normal"><sp/><sp/><sp/><sp/><sp/><sp/><sp/><sp/><sp/><sp/><sp/><sp/>T<sp/>ratio<sp/>=<sp/>rhs.y<sp/>/<sp/>rhs.x;</highlight></codeline>
<codeline lineno="271"><highlight class="normal"><sp/><sp/><sp/><sp/><sp/><sp/><sp/><sp/><sp/><sp/><sp/><sp/>T<sp/>scale<sp/>=<sp/>1<sp/>/<sp/>(rhs.x<sp/>+<sp/>rhs.y<sp/>*<sp/>ratio);</highlight></codeline>
<codeline lineno="272"><highlight class="normal"><sp/><sp/><sp/><sp/><sp/><sp/><sp/><sp/><sp/><sp/><sp/><sp/>*</highlight><highlight class="keyword">this</highlight><highlight class="normal"><sp/><sp/><sp/>=<sp/>{(x<sp/>+<sp/>y<sp/>*<sp/>ratio)<sp/>*<sp/>scale,<sp/>(y<sp/>-<sp/>x<sp/>*<sp/>ratio)<sp/>*<sp/>scale};</highlight></codeline>
<codeline lineno="273"><highlight class="normal"><sp/><sp/><sp/><sp/><sp/><sp/><sp/><sp/>}</highlight></codeline>
<codeline lineno="274"><highlight class="normal"><sp/><sp/><sp/><sp/><sp/><sp/><sp/><sp/></highlight><highlight class="keywordflow">else</highlight><highlight class="normal"></highlight></codeline>
<codeline lineno="275"><highlight class="normal"><sp/><sp/><sp/><sp/><sp/><sp/><sp/><sp/>{</highlight></codeline>
<codeline lineno="276"><highlight class="normal"><sp/><sp/><sp/><sp/><sp/><sp/><sp/><sp/><sp/><sp/><sp/><sp/>T<sp/>ratio<sp/>=<sp/>rhs.x<sp/>/<sp/>rhs.y;</highlight></codeline>
<codeline lineno="277"><highlight class="normal"><sp/><sp/><sp/><sp/><sp/><sp/><sp/><sp/><sp/><sp/><sp/><sp/>T<sp/>scale<sp/>=<sp/>1<sp/>/<sp/>(rhs.x<sp/>*<sp/>ratio<sp/>+<sp/>rhs.y);</highlight></codeline>
<codeline lineno="278"><highlight class="normal"><sp/><sp/><sp/><sp/><sp/><sp/><sp/><sp/><sp/><sp/><sp/><sp/>*</highlight><highlight class="keyword">this</highlight><highlight class="normal"><sp/><sp/><sp/>=<sp/>{(y<sp/>+<sp/>x<sp/>*<sp/>ratio)<sp/>*<sp/>scale,<sp/>(y<sp/>*<sp/>ratio<sp/>-<sp/>x)<sp/>*<sp/>scale};</highlight></codeline>
<codeline lineno="279"><highlight class="normal"><sp/><sp/><sp/><sp/><sp/><sp/><sp/><sp/>}</highlight></codeline>
<codeline lineno="280"><highlight class="normal"><sp/><sp/><sp/><sp/><sp/><sp/><sp/><sp/></highlight><highlight class="keywordflow">return</highlight><highlight class="normal"><sp/>*</highlight><highlight class="keyword">this</highlight><highlight class="normal">;</highlight></codeline>
<codeline lineno="281"><highlight class="normal"><sp/><sp/><sp/><sp/>}</highlight></codeline>
<codeline lineno="282"><highlight class="normal"></highlight></codeline>
<codeline lineno="283"><highlight class="normal"><sp/><sp/><sp/><sp/></highlight><highlight class="comment">//<sp/>out-of-place<sp/>complex-complex<sp/>operations</highlight><highlight class="normal"></highlight></codeline>
<codeline lineno="284"><highlight class="normal"><sp/><sp/><sp/><sp/>__device__<sp/>__host__<sp/></highlight><highlight class="keyword">auto</highlight><highlight class="normal"><sp/>operator+(</highlight><highlight class="keyword">const</highlight><highlight class="normal"><sp/>rocblas_complex_num&amp;<sp/>rhs)</highlight><highlight class="keyword"><sp/>const</highlight></codeline>
<codeline lineno="285"><highlight class="keyword"><sp/><sp/><sp/><sp/></highlight><highlight class="normal">{</highlight></codeline>
<codeline lineno="286"><highlight class="normal"><sp/><sp/><sp/><sp/><sp/><sp/><sp/><sp/></highlight><highlight class="keyword">auto</highlight><highlight class="normal"><sp/>lhs<sp/>=<sp/>*</highlight><highlight class="keyword">this</highlight><highlight class="normal">;</highlight></codeline>
<codeline lineno="287"><highlight class="normal"><sp/><sp/><sp/><sp/><sp/><sp/><sp/><sp/></highlight><highlight class="keywordflow">return</highlight><highlight class="normal"><sp/>lhs<sp/>+=<sp/>rhs;</highlight></codeline>
<codeline lineno="288"><highlight class="normal"><sp/><sp/><sp/><sp/>}</highlight></codeline>
<codeline lineno="289"><highlight class="normal"></highlight></codeline>
<codeline lineno="290"><highlight class="normal"><sp/><sp/><sp/><sp/>__device__<sp/>__host__<sp/></highlight><highlight class="keyword">auto</highlight><highlight class="normal"><sp/>operator-(</highlight><highlight class="keyword">const</highlight><highlight class="normal"><sp/>rocblas_complex_num&amp;<sp/>rhs)</highlight><highlight class="keyword"><sp/>const</highlight></codeline>
<codeline lineno="291"><highlight class="keyword"><sp/><sp/><sp/><sp/></highlight><highlight class="normal">{</highlight></codeline>
<codeline lineno="292"><highlight class="normal"><sp/><sp/><sp/><sp/><sp/><sp/><sp/><sp/></highlight><highlight class="keyword">auto</highlight><highlight class="normal"><sp/>lhs<sp/>=<sp/>*</highlight><highlight class="keyword">this</highlight><highlight class="normal">;</highlight></codeline>
<codeline lineno="293"><highlight class="normal"><sp/><sp/><sp/><sp/><sp/><sp/><sp/><sp/></highlight><highlight class="keywordflow">return</highlight><highlight class="normal"><sp/>lhs<sp/>-=<sp/>rhs;</highlight></codeline>
<codeline lineno="294"><highlight class="normal"><sp/><sp/><sp/><sp/>}</highlight></codeline>
<codeline lineno="295"><highlight class="normal"></highlight></codeline>
<codeline lineno="296"><highlight class="normal"><sp/><sp/><sp/><sp/>__device__<sp/>__host__<sp/></highlight><highlight class="keyword">auto</highlight><highlight class="normal"><sp/>operator*(</highlight><highlight class="keyword">const</highlight><highlight class="normal"><sp/>rocblas_complex_num&amp;<sp/>rhs)</highlight><highlight class="keyword"><sp/>const</highlight></codeline>
<codeline lineno="297"><highlight class="keyword"><sp/><sp/><sp/><sp/></highlight><highlight class="normal">{</highlight></codeline>
<codeline lineno="298"><highlight class="normal"><sp/><sp/><sp/><sp/><sp/><sp/><sp/><sp/></highlight><highlight class="keyword">auto</highlight><highlight class="normal"><sp/>lhs<sp/>=<sp/>*</highlight><highlight class="keyword">this</highlight><highlight class="normal">;</highlight></codeline>
<codeline lineno="299"><highlight class="normal"><sp/><sp/><sp/><sp/><sp/><sp/><sp/><sp/></highlight><highlight class="keywordflow">return</highlight><highlight class="normal"><sp/>lhs<sp/>*=<sp/>rhs;</highlight></codeline>
<codeline lineno="300"><highlight class="normal"><sp/><sp/><sp/><sp/>}</highlight></codeline>
<codeline lineno="301"><highlight class="normal"></highlight></codeline>
<codeline lineno="302"><highlight class="normal"><sp/><sp/><sp/><sp/>__device__<sp/>__host__<sp/></highlight><highlight class="keyword">auto</highlight><highlight class="normal"><sp/>operator/(</highlight><highlight class="keyword">const</highlight><highlight class="normal"><sp/>rocblas_complex_num&amp;<sp/>rhs)</highlight><highlight class="keyword"><sp/>const</highlight></codeline>
<codeline lineno="303"><highlight class="keyword"><sp/><sp/><sp/><sp/></highlight><highlight class="normal">{</highlight></codeline>
<codeline lineno="304"><highlight class="normal"><sp/><sp/><sp/><sp/><sp/><sp/><sp/><sp/></highlight><highlight class="keyword">auto</highlight><highlight class="normal"><sp/>lhs<sp/>=<sp/>*</highlight><highlight class="keyword">this</highlight><highlight class="normal">;</highlight></codeline>
<codeline lineno="305"><highlight class="normal"><sp/><sp/><sp/><sp/><sp/><sp/><sp/><sp/></highlight><highlight class="keywordflow">return</highlight><highlight class="normal"><sp/>lhs<sp/>/=<sp/>rhs;</highlight></codeline>
<codeline lineno="306"><highlight class="normal"><sp/><sp/><sp/><sp/>}</highlight></codeline>
<codeline lineno="307"><highlight class="normal"></highlight></codeline>
<codeline lineno="308"><highlight class="normal"><sp/><sp/><sp/><sp/>__device__<sp/>__host__<sp/>constexpr<sp/></highlight><highlight class="keywordtype">bool</highlight><highlight class="normal"><sp/>operator==(</highlight><highlight class="keyword">const</highlight><highlight class="normal"><sp/>rocblas_complex_num&amp;<sp/>rhs)</highlight><highlight class="keyword"><sp/>const</highlight></codeline>
<codeline lineno="309"><highlight class="keyword"><sp/><sp/><sp/><sp/></highlight><highlight class="normal">{</highlight></codeline>
<codeline lineno="310"><highlight class="normal"><sp/><sp/><sp/><sp/><sp/><sp/><sp/><sp/></highlight><highlight class="keywordflow">return</highlight><highlight class="normal"><sp/>x<sp/>==<sp/>rhs.x<sp/>&amp;&amp;<sp/>y<sp/>==<sp/>rhs.y;</highlight></codeline>
<codeline lineno="311"><highlight class="normal"><sp/><sp/><sp/><sp/>}</highlight></codeline>
<codeline lineno="312"><highlight class="normal"></highlight></codeline>
<codeline lineno="313"><highlight class="normal"><sp/><sp/><sp/><sp/>__device__<sp/>__host__<sp/>constexpr<sp/></highlight><highlight class="keywordtype">bool</highlight><highlight class="normal"><sp/>operator!=(</highlight><highlight class="keyword">const</highlight><highlight class="normal"><sp/>rocblas_complex_num&amp;<sp/>rhs)</highlight><highlight class="keyword"><sp/>const</highlight></codeline>
<codeline lineno="314"><highlight class="keyword"><sp/><sp/><sp/><sp/></highlight><highlight class="normal">{</highlight></codeline>
<codeline lineno="315"><highlight class="normal"><sp/><sp/><sp/><sp/><sp/><sp/><sp/><sp/></highlight><highlight class="keywordflow">return</highlight><highlight class="normal"><sp/>!(*</highlight><highlight class="keyword">this</highlight><highlight class="normal"><sp/>==<sp/>rhs);</highlight></codeline>
<codeline lineno="316"><highlight class="normal"><sp/><sp/><sp/><sp/>}</highlight></codeline>
<codeline lineno="317"><highlight class="normal"></highlight></codeline>
<codeline lineno="318"><highlight class="normal"><sp/><sp/><sp/><sp/></highlight><highlight class="comment">//<sp/>real-complex<sp/>operations<sp/>(complex-real<sp/>is<sp/>handled<sp/>above)</highlight><highlight class="normal"></highlight></codeline>
<codeline lineno="319"><highlight class="normal"><sp/><sp/><sp/><sp/></highlight><highlight class="keyword">template</highlight><highlight class="normal"><sp/>&lt;</highlight><highlight class="keyword">typename</highlight><highlight class="normal"><sp/>U,<sp/>std::enable_if_t&lt;std::is_convertible&lt;U,<sp/>T&gt;{},<sp/></highlight><highlight class="keywordtype">int</highlight><highlight class="normal">&gt;<sp/>=<sp/>0&gt;</highlight></codeline>
<codeline lineno="320"><highlight class="normal"><sp/><sp/><sp/><sp/></highlight><highlight class="keyword">friend</highlight><highlight class="normal"><sp/>__device__<sp/>__host__<sp/>rocblas_complex_num<sp/>operator+(</highlight><highlight class="keyword">const</highlight><highlight class="normal"><sp/>U&amp;<sp/><sp/><sp/><sp/><sp/><sp/><sp/><sp/><sp/><sp/><sp/><sp/><sp/><sp/><sp/><sp/><sp/><sp/><sp/>lhs,</highlight></codeline>
<codeline lineno="321"><highlight class="normal"><sp/><sp/><sp/><sp/><sp/><sp/><sp/><sp/><sp/><sp/><sp/><sp/><sp/><sp/><sp/><sp/><sp/><sp/><sp/><sp/><sp/><sp/><sp/><sp/><sp/><sp/><sp/><sp/><sp/><sp/><sp/><sp/><sp/><sp/><sp/><sp/><sp/><sp/><sp/><sp/><sp/><sp/><sp/><sp/><sp/><sp/><sp/><sp/><sp/><sp/><sp/><sp/><sp/><sp/><sp/><sp/><sp/><sp/><sp/><sp/><sp/></highlight><highlight class="keyword">const</highlight><highlight class="normal"><sp/>rocblas_complex_num&amp;<sp/>rhs)</highlight></codeline>
<codeline lineno="322"><highlight class="normal"><sp/><sp/><sp/><sp/>{</highlight></codeline>
<codeline lineno="323"><highlight class="normal"><sp/><sp/><sp/><sp/><sp/><sp/><sp/><sp/></highlight><highlight class="keywordflow">return</highlight><highlight class="normal"><sp/>{T(lhs)<sp/>+<sp/>rhs.x,<sp/>rhs.y};</highlight></codeline>
<codeline lineno="324"><highlight class="normal"><sp/><sp/><sp/><sp/>}</highlight></codeline>
<codeline lineno="325"><highlight class="normal"></highlight></codeline>
<codeline lineno="326"><highlight class="normal"><sp/><sp/><sp/><sp/></highlight><highlight class="keyword">template</highlight><highlight class="normal"><sp/>&lt;</highlight><highlight class="keyword">typename</highlight><highlight class="normal"><sp/>U,<sp/>std::enable_if_t&lt;std::is_convertible&lt;U,<sp/>T&gt;{},<sp/></highlight><highlight class="keywordtype">int</highlight><highlight class="normal">&gt;<sp/>=<sp/>0&gt;</highlight></codeline>
<codeline lineno="327"><highlight class="normal"><sp/><sp/><sp/><sp/></highlight><highlight class="keyword">friend</highlight><highlight class="normal"><sp/>__device__<sp/>__host__<sp/>rocblas_complex_num<sp/>operator-(</highlight><highlight class="keyword">const</highlight><highlight class="normal"><sp/>U&amp;<sp/><sp/><sp/><sp/><sp/><sp/><sp/><sp/><sp/><sp/><sp/><sp/><sp/><sp/><sp/><sp/><sp/><sp/><sp/>lhs,</highlight></codeline>
<codeline lineno="328"><highlight class="normal"><sp/><sp/><sp/><sp/><sp/><sp/><sp/><sp/><sp/><sp/><sp/><sp/><sp/><sp/><sp/><sp/><sp/><sp/><sp/><sp/><sp/><sp/><sp/><sp/><sp/><sp/><sp/><sp/><sp/><sp/><sp/><sp/><sp/><sp/><sp/><sp/><sp/><sp/><sp/><sp/><sp/><sp/><sp/><sp/><sp/><sp/><sp/><sp/><sp/><sp/><sp/><sp/><sp/><sp/><sp/><sp/><sp/><sp/><sp/><sp/><sp/></highlight><highlight class="keyword">const</highlight><highlight class="normal"><sp/>rocblas_complex_num&amp;<sp/>rhs)</highlight></codeline>
<codeline lineno="329"><highlight class="normal"><sp/><sp/><sp/><sp/>{</highlight></codeline>
<codeline lineno="330"><highlight class="normal"><sp/><sp/><sp/><sp/><sp/><sp/><sp/><sp/></highlight><highlight class="keywordflow">return</highlight><highlight class="normal"><sp/>{T(lhs)<sp/>-<sp/>rhs.x,<sp/>-rhs.y};</highlight></codeline>
<codeline lineno="331"><highlight class="normal"><sp/><sp/><sp/><sp/>}</highlight></codeline>
<codeline lineno="332"><highlight class="normal"></highlight></codeline>
<codeline lineno="333"><highlight class="normal"><sp/><sp/><sp/><sp/></highlight><highlight class="keyword">template</highlight><highlight class="normal"><sp/>&lt;</highlight><highlight class="keyword">typename</highlight><highlight class="normal"><sp/>U,<sp/>std::enable_if_t&lt;std::is_convertible&lt;U,<sp/>T&gt;{},<sp/></highlight><highlight class="keywordtype">int</highlight><highlight class="normal">&gt;<sp/>=<sp/>0&gt;</highlight></codeline>
<codeline lineno="334"><highlight class="normal"><sp/><sp/><sp/><sp/></highlight><highlight class="keyword">friend</highlight><highlight class="normal"><sp/>__device__<sp/>__host__<sp/>rocblas_complex_num<sp/>operator*(</highlight><highlight class="keyword">const</highlight><highlight class="normal"><sp/>U&amp;<sp/><sp/><sp/><sp/><sp/><sp/><sp/><sp/><sp/><sp/><sp/><sp/><sp/><sp/><sp/><sp/><sp/><sp/><sp/>lhs,</highlight></codeline>
<codeline lineno="335"><highlight class="normal"><sp/><sp/><sp/><sp/><sp/><sp/><sp/><sp/><sp/><sp/><sp/><sp/><sp/><sp/><sp/><sp/><sp/><sp/><sp/><sp/><sp/><sp/><sp/><sp/><sp/><sp/><sp/><sp/><sp/><sp/><sp/><sp/><sp/><sp/><sp/><sp/><sp/><sp/><sp/><sp/><sp/><sp/><sp/><sp/><sp/><sp/><sp/><sp/><sp/><sp/><sp/><sp/><sp/><sp/><sp/><sp/><sp/><sp/><sp/><sp/><sp/></highlight><highlight class="keyword">const</highlight><highlight class="normal"><sp/>rocblas_complex_num&amp;<sp/>rhs)</highlight></codeline>
<codeline lineno="336"><highlight class="normal"><sp/><sp/><sp/><sp/>{</highlight></codeline>
<codeline lineno="337"><highlight class="normal"><sp/><sp/><sp/><sp/><sp/><sp/><sp/><sp/></highlight><highlight class="keywordflow">return</highlight><highlight class="normal"><sp/>{T(lhs)<sp/>*<sp/>rhs.x,<sp/>T(lhs)<sp/>*<sp/>rhs.y};</highlight></codeline>
<codeline lineno="338"><highlight class="normal"><sp/><sp/><sp/><sp/>}</highlight></codeline>
<codeline lineno="339"><highlight class="normal"></highlight></codeline>
<codeline lineno="340"><highlight class="normal"><sp/><sp/><sp/><sp/></highlight><highlight class="keyword">template</highlight><highlight class="normal"><sp/>&lt;</highlight><highlight class="keyword">typename</highlight><highlight class="normal"><sp/>U,<sp/>std::enable_if_t&lt;std::is_convertible&lt;U,<sp/>T&gt;{},<sp/></highlight><highlight class="keywordtype">int</highlight><highlight class="normal">&gt;<sp/>=<sp/>0&gt;</highlight></codeline>
<codeline lineno="341"><highlight class="normal"><sp/><sp/><sp/><sp/></highlight><highlight class="keyword">friend</highlight><highlight class="normal"><sp/>__device__<sp/>__host__<sp/>rocblas_complex_num<sp/>operator/(</highlight><highlight class="keyword">const</highlight><highlight class="normal"><sp/>U&amp;<sp/><sp/><sp/><sp/><sp/><sp/><sp/><sp/><sp/><sp/><sp/><sp/><sp/><sp/><sp/><sp/><sp/><sp/><sp/>lhs,</highlight></codeline>
<codeline lineno="342"><highlight class="normal"><sp/><sp/><sp/><sp/><sp/><sp/><sp/><sp/><sp/><sp/><sp/><sp/><sp/><sp/><sp/><sp/><sp/><sp/><sp/><sp/><sp/><sp/><sp/><sp/><sp/><sp/><sp/><sp/><sp/><sp/><sp/><sp/><sp/><sp/><sp/><sp/><sp/><sp/><sp/><sp/><sp/><sp/><sp/><sp/><sp/><sp/><sp/><sp/><sp/><sp/><sp/><sp/><sp/><sp/><sp/><sp/><sp/><sp/><sp/><sp/><sp/></highlight><highlight class="keyword">const</highlight><highlight class="normal"><sp/>rocblas_complex_num&amp;<sp/>rhs)</highlight></codeline>
<codeline lineno="343"><highlight class="normal"><sp/><sp/><sp/><sp/>{</highlight></codeline>
<codeline lineno="344"><highlight class="normal"><sp/><sp/><sp/><sp/><sp/><sp/><sp/><sp/></highlight><highlight class="comment">//<sp/>Smith<sp/>Algorithm.<sp/>https://dl.acm.org/doi/10.1145/368637.368661</highlight><highlight class="normal"></highlight></codeline>
<codeline lineno="345"><highlight class="normal"><sp/><sp/><sp/><sp/><sp/><sp/><sp/><sp/></highlight><highlight class="keywordflow">if</highlight><highlight class="normal">(abs(rhs.x)<sp/>&gt;<sp/>abs(rhs.y))</highlight></codeline>
<codeline lineno="346"><highlight class="normal"><sp/><sp/><sp/><sp/><sp/><sp/><sp/><sp/>{</highlight></codeline>
<codeline lineno="347"><highlight class="normal"><sp/><sp/><sp/><sp/><sp/><sp/><sp/><sp/><sp/><sp/><sp/><sp/>T<sp/>ratio<sp/>=<sp/>rhs.y<sp/>/<sp/>rhs.x;</highlight></codeline>
<codeline lineno="348"><highlight class="normal"><sp/><sp/><sp/><sp/><sp/><sp/><sp/><sp/><sp/><sp/><sp/><sp/>T<sp/>scale<sp/>=<sp/>T(lhs)<sp/>/<sp/>(rhs.x<sp/>+<sp/>rhs.y<sp/>*<sp/>ratio);</highlight></codeline>
<codeline lineno="349"><highlight class="normal"><sp/><sp/><sp/><sp/><sp/><sp/><sp/><sp/><sp/><sp/><sp/><sp/></highlight><highlight class="keywordflow">return</highlight><highlight class="normal"><sp/>{scale,<sp/>-scale<sp/>*<sp/>ratio};</highlight></codeline>
<codeline lineno="350"><highlight class="normal"><sp/><sp/><sp/><sp/><sp/><sp/><sp/><sp/>}</highlight></codeline>
<codeline lineno="351"><highlight class="normal"><sp/><sp/><sp/><sp/><sp/><sp/><sp/><sp/></highlight><highlight class="keywordflow">else</highlight><highlight class="normal"></highlight></codeline>
<codeline lineno="352"><highlight class="normal"><sp/><sp/><sp/><sp/><sp/><sp/><sp/><sp/>{</highlight></codeline>
<codeline lineno="353"><highlight class="normal"><sp/><sp/><sp/><sp/><sp/><sp/><sp/><sp/><sp/><sp/><sp/><sp/>T<sp/>ratio<sp/>=<sp/>rhs.x<sp/>/<sp/>rhs.y;</highlight></codeline>
<codeline lineno="354"><highlight class="normal"><sp/><sp/><sp/><sp/><sp/><sp/><sp/><sp/><sp/><sp/><sp/><sp/>T<sp/>scale<sp/>=<sp/>T(lhs)<sp/>/<sp/>(rhs.x<sp/>*<sp/>ratio<sp/>+<sp/>rhs.y);</highlight></codeline>
<codeline lineno="355"><highlight class="normal"><sp/><sp/><sp/><sp/><sp/><sp/><sp/><sp/><sp/><sp/><sp/><sp/></highlight><highlight class="keywordflow">return</highlight><highlight class="normal"><sp/>{ratio<sp/>*<sp/>scale,<sp/>-scale};</highlight></codeline>
<codeline lineno="356"><highlight class="normal"><sp/><sp/><sp/><sp/><sp/><sp/><sp/><sp/>}</highlight></codeline>
<codeline lineno="357"><highlight class="normal"><sp/><sp/><sp/><sp/>}</highlight></codeline>
<codeline lineno="358"><highlight class="normal"></highlight></codeline>
<codeline lineno="359"><highlight class="normal"><sp/><sp/><sp/><sp/></highlight><highlight class="keyword">template</highlight><highlight class="normal"><sp/>&lt;</highlight><highlight class="keyword">typename</highlight><highlight class="normal"><sp/>U,<sp/>std::enable_if_t&lt;std::is_convertible&lt;U,<sp/>T&gt;{},<sp/></highlight><highlight class="keywordtype">int</highlight><highlight class="normal">&gt;<sp/>=<sp/>0&gt;</highlight></codeline>
<codeline lineno="360"><highlight class="normal"><sp/><sp/><sp/><sp/></highlight><highlight class="keyword">friend</highlight><highlight class="normal"><sp/>__device__<sp/>__host__<sp/>constexpr<sp/></highlight><highlight class="keywordtype">bool</highlight><highlight class="normal"><sp/>operator==(</highlight><highlight class="keyword">const</highlight><highlight class="normal"><sp/>U&amp;<sp/><sp/><sp/><sp/><sp/><sp/><sp/><sp/><sp/><sp/><sp/><sp/><sp/><sp/><sp/><sp/><sp/><sp/><sp/>lhs,</highlight></codeline>
<codeline lineno="361"><highlight class="normal"><sp/><sp/><sp/><sp/><sp/><sp/><sp/><sp/><sp/><sp/><sp/><sp/><sp/><sp/><sp/><sp/><sp/><sp/><sp/><sp/><sp/><sp/><sp/><sp/><sp/><sp/><sp/><sp/><sp/><sp/><sp/><sp/><sp/><sp/><sp/><sp/><sp/><sp/><sp/><sp/><sp/><sp/><sp/><sp/><sp/><sp/><sp/><sp/><sp/><sp/><sp/><sp/><sp/><sp/><sp/><sp/><sp/></highlight><highlight class="keyword">const</highlight><highlight class="normal"><sp/>rocblas_complex_num&amp;<sp/>rhs)</highlight></codeline>
<codeline lineno="362"><highlight class="normal"><sp/><sp/><sp/><sp/>{</highlight></codeline>
<codeline lineno="363"><highlight class="normal"><sp/><sp/><sp/><sp/><sp/><sp/><sp/><sp/></highlight><highlight class="keywordflow">return</highlight><highlight class="normal"><sp/>T(lhs)<sp/>==<sp/>rhs.x<sp/>&amp;&amp;<sp/>0<sp/>==<sp/>rhs.y;</highlight></codeline>
<codeline lineno="364"><highlight class="normal"><sp/><sp/><sp/><sp/>}</highlight></codeline>
<codeline lineno="365"><highlight class="normal"></highlight></codeline>
<codeline lineno="366"><highlight class="normal"><sp/><sp/><sp/><sp/></highlight><highlight class="keyword">template</highlight><highlight class="normal"><sp/>&lt;</highlight><highlight class="keyword">typename</highlight><highlight class="normal"><sp/>U,<sp/>std::enable_if_t&lt;std::is_convertible&lt;U,<sp/>T&gt;{},<sp/></highlight><highlight class="keywordtype">int</highlight><highlight class="normal">&gt;<sp/>=<sp/>0&gt;</highlight></codeline>
<codeline lineno="367"><highlight class="normal"><sp/><sp/><sp/><sp/></highlight><highlight class="keyword">friend</highlight><highlight class="normal"><sp/>__device__<sp/>__host__<sp/>constexpr<sp/></highlight><highlight class="keywordtype">bool</highlight><highlight class="normal"><sp/>operator!=(</highlight><highlight class="keyword">const</highlight><highlight class="normal"><sp/>U&amp;<sp/><sp/><sp/><sp/><sp/><sp/><sp/><sp/><sp/><sp/><sp/><sp/><sp/><sp/><sp/><sp/><sp/><sp/><sp/>lhs,</highlight></codeline>
<codeline lineno="368"><highlight class="normal"><sp/><sp/><sp/><sp/><sp/><sp/><sp/><sp/><sp/><sp/><sp/><sp/><sp/><sp/><sp/><sp/><sp/><sp/><sp/><sp/><sp/><sp/><sp/><sp/><sp/><sp/><sp/><sp/><sp/><sp/><sp/><sp/><sp/><sp/><sp/><sp/><sp/><sp/><sp/><sp/><sp/><sp/><sp/><sp/><sp/><sp/><sp/><sp/><sp/><sp/><sp/><sp/><sp/><sp/><sp/><sp/><sp/></highlight><highlight class="keyword">const</highlight><highlight class="normal"><sp/>rocblas_complex_num&amp;<sp/>rhs)</highlight></codeline>
<codeline lineno="369"><highlight class="normal"><sp/><sp/><sp/><sp/>{</highlight></codeline>
<codeline lineno="370"><highlight class="normal"><sp/><sp/><sp/><sp/><sp/><sp/><sp/><sp/></highlight><highlight class="keywordflow">return</highlight><highlight class="normal"><sp/>!(lhs<sp/>==<sp/>rhs);</highlight></codeline>
<codeline lineno="371"><highlight class="normal"><sp/><sp/><sp/><sp/>}</highlight></codeline>
<codeline lineno="372"><highlight class="normal">};</highlight></codeline>
<codeline lineno="373"><highlight class="normal"></highlight></codeline>
<codeline lineno="374"><highlight class="normal"></highlight><highlight class="comment">//<sp/>Inject<sp/>standard<sp/>functions<sp/>into<sp/>namespace<sp/>std</highlight><highlight class="normal"></highlight></codeline>
<codeline lineno="375"><highlight class="normal"></highlight><highlight class="keyword">namespace<sp/></highlight><highlight class="normal">std</highlight></codeline>
<codeline lineno="376"><highlight class="normal">{</highlight></codeline>
<codeline lineno="377"><highlight class="normal"><sp/><sp/><sp/><sp/></highlight><highlight class="keyword">template</highlight><highlight class="normal"><sp/>&lt;</highlight><highlight class="keyword">typename</highlight><highlight class="normal"><sp/>T&gt;</highlight></codeline>
<codeline lineno="378"><highlight class="normal"><sp/><sp/><sp/><sp/>__device__<sp/>__host__<sp/>constexpr<sp/>T<sp/>real(</highlight><highlight class="keyword">const</highlight><highlight class="normal"><sp/>rocblas_complex_num&lt;T&gt;&amp;<sp/>z)</highlight></codeline>
<codeline lineno="379"><highlight class="normal"><sp/><sp/><sp/><sp/>{</highlight></codeline>
<codeline lineno="380"><highlight class="normal"><sp/><sp/><sp/><sp/><sp/><sp/><sp/><sp/></highlight><highlight class="keywordflow">return</highlight><highlight class="normal"><sp/>z.x;</highlight></codeline>
<codeline lineno="381"><highlight class="normal"><sp/><sp/><sp/><sp/>}</highlight></codeline>
<codeline lineno="382"><highlight class="normal"></highlight></codeline>
<codeline lineno="383"><highlight class="normal"><sp/><sp/><sp/><sp/></highlight><highlight class="keyword">template</highlight><highlight class="normal"><sp/>&lt;</highlight><highlight class="keyword">typename</highlight><highlight class="normal"><sp/>T&gt;</highlight></codeline>
<codeline lineno="384"><highlight class="normal"><sp/><sp/><sp/><sp/>__device__<sp/>__host__<sp/>constexpr<sp/>T<sp/>imag(</highlight><highlight class="keyword">const</highlight><highlight class="normal"><sp/>rocblas_complex_num&lt;T&gt;&amp;<sp/>z)</highlight></codeline>
<codeline lineno="385"><highlight class="normal"><sp/><sp/><sp/><sp/>{</highlight></codeline>
<codeline lineno="386"><highlight class="normal"><sp/><sp/><sp/><sp/><sp/><sp/><sp/><sp/></highlight><highlight class="keywordflow">return</highlight><highlight class="normal"><sp/>z.y;</highlight></codeline>
<codeline lineno="387"><highlight class="normal"><sp/><sp/><sp/><sp/>}</highlight></codeline>
<codeline lineno="388"><highlight class="normal"></highlight></codeline>
<codeline lineno="389"><highlight class="normal"><sp/><sp/><sp/><sp/></highlight><highlight class="keyword">template</highlight><highlight class="normal"><sp/>&lt;</highlight><highlight class="keyword">typename</highlight><highlight class="normal"><sp/>T&gt;</highlight></codeline>
<codeline lineno="390"><highlight class="normal"><sp/><sp/><sp/><sp/>__device__<sp/>__host__<sp/>constexpr<sp/>rocblas_complex_num&lt;T&gt;<sp/>conj(</highlight><highlight class="keyword">const</highlight><highlight class="normal"><sp/>rocblas_complex_num&lt;T&gt;&amp;<sp/>z)</highlight></codeline>
<codeline lineno="391"><highlight class="normal"><sp/><sp/><sp/><sp/>{</highlight></codeline>
<codeline lineno="392"><highlight class="normal"><sp/><sp/><sp/><sp/><sp/><sp/><sp/><sp/></highlight><highlight class="keywordflow">return</highlight><highlight class="normal"><sp/>{z.x,<sp/>-z.y};</highlight></codeline>
<codeline lineno="393"><highlight class="normal"><sp/><sp/><sp/><sp/>}</highlight></codeline>
<codeline lineno="394"><highlight class="normal"></highlight></codeline>
<codeline lineno="395"><highlight class="normal"><sp/><sp/><sp/><sp/></highlight><highlight class="keyword">template</highlight><highlight class="normal"><sp/>&lt;</highlight><highlight class="keyword">typename</highlight><highlight class="normal"><sp/>T&gt;</highlight></codeline>
<codeline lineno="396"><highlight class="normal"><sp/><sp/><sp/><sp/>__device__<sp/>__host__<sp/></highlight><highlight class="keyword">inline</highlight><highlight class="normal"><sp/>T<sp/>norm(</highlight><highlight class="keyword">const</highlight><highlight class="normal"><sp/>rocblas_complex_num&lt;T&gt;&amp;<sp/>z)</highlight></codeline>
<codeline lineno="397"><highlight class="normal"><sp/><sp/><sp/><sp/>{</highlight></codeline>
<codeline lineno="398"><highlight class="normal"><sp/><sp/><sp/><sp/><sp/><sp/><sp/><sp/></highlight><highlight class="keywordflow">return</highlight><highlight class="normal"><sp/>(z.x<sp/>*<sp/>z.x)<sp/>+<sp/>(z.y<sp/>*<sp/>z.y);</highlight></codeline>
<codeline lineno="399"><highlight class="normal"><sp/><sp/><sp/><sp/>}</highlight></codeline>
<codeline lineno="400"><highlight class="normal"></highlight></codeline>
<codeline lineno="401"><highlight class="normal"><sp/><sp/><sp/><sp/></highlight><highlight class="keyword">template</highlight><highlight class="normal"><sp/>&lt;</highlight><highlight class="keyword">typename</highlight><highlight class="normal"><sp/>T&gt;</highlight></codeline>
<codeline lineno="402"><highlight class="normal"><sp/><sp/><sp/><sp/>__device__<sp/>__host__<sp/></highlight><highlight class="keyword">inline</highlight><highlight class="normal"><sp/>T<sp/>abs(</highlight><highlight class="keyword">const</highlight><highlight class="normal"><sp/>rocblas_complex_num&lt;T&gt;&amp;<sp/>z)</highlight></codeline>
<codeline lineno="403"><highlight class="normal"><sp/><sp/><sp/><sp/>{</highlight></codeline>
<codeline lineno="404"><highlight class="normal"><sp/><sp/><sp/><sp/><sp/><sp/><sp/><sp/>T<sp/>tr<sp/>=<sp/>rocblas_complex_num&lt;T&gt;::abs(z.x),<sp/>ti<sp/>=<sp/>rocblas_complex_num&lt;T&gt;::abs(z.y);</highlight></codeline>
<codeline lineno="405"><highlight class="normal"><sp/><sp/><sp/><sp/><sp/><sp/><sp/><sp/></highlight><highlight class="comment">//<sp/>clang-format<sp/>off</highlight><highlight class="normal"></highlight></codeline>
<codeline lineno="406"><highlight class="normal"><sp/><sp/><sp/><sp/><sp/><sp/><sp/><sp/></highlight><highlight class="keywordflow">return</highlight><highlight class="normal"><sp/>tr<sp/>&gt;<sp/>ti<sp/>?<sp/>(ti<sp/>/=<sp/>tr,<sp/>tr<sp/>*<sp/>rocblas_complex_num&lt;T&gt;::sqrt(ti<sp/>*<sp/>ti<sp/>+<sp/>1))</highlight></codeline>
<codeline lineno="407"><highlight class="normal"><sp/><sp/><sp/><sp/><sp/><sp/><sp/><sp/><sp/><sp/><sp/><sp/><sp/><sp/><sp/><sp/><sp/><sp/><sp/><sp/><sp/><sp/><sp/>:<sp/>ti<sp/>?<sp/>(tr<sp/>/=<sp/>ti,<sp/>ti<sp/>*<sp/>rocblas_complex_num&lt;T&gt;::sqrt(tr<sp/>*<sp/>tr<sp/>+<sp/>1))<sp/>:<sp/>0;</highlight></codeline>
<codeline lineno="408"><highlight class="normal"><sp/><sp/><sp/><sp/><sp/><sp/><sp/><sp/></highlight><highlight class="comment">//<sp/>clang-format<sp/>on</highlight><highlight class="normal"></highlight></codeline>
<codeline lineno="409"><highlight class="normal"><sp/><sp/><sp/><sp/>}</highlight></codeline>
<codeline lineno="410"><highlight class="normal">}</highlight></codeline>
<codeline lineno="411"><highlight class="normal"></highlight></codeline>
<codeline lineno="412"><highlight class="normal"></highlight><highlight class="comment">//<sp/>Test<sp/>for<sp/>C<sp/>compatibility</highlight><highlight class="normal"></highlight></codeline>
<codeline lineno="413"><highlight class="normal"></highlight><highlight class="keyword">template</highlight><highlight class="normal"><sp/>&lt;</highlight><highlight class="keyword">typename</highlight><highlight class="normal"><sp/>T&gt;</highlight></codeline>
<codeline lineno="414"><highlight class="normal"></highlight><highlight class="keyword">class<sp/></highlight><highlight class="normal">rocblas_complex_num_check</highlight></codeline>
<codeline lineno="415"><highlight class="normal">{</highlight></codeline>
<codeline lineno="416"><highlight class="normal"><sp/><sp/><sp/><sp/>static_assert(</highlight></codeline>
<codeline lineno="417"><highlight class="normal"><sp/><sp/><sp/><sp/><sp/><sp/><sp/><sp/>std::is_standard_layout&lt;rocblas_complex_num&lt;T&gt;&gt;{},</highlight></codeline>
<codeline lineno="418"><highlight class="normal"><sp/><sp/><sp/><sp/><sp/><sp/><sp/><sp/></highlight><highlight class="stringliteral">&quot;rocblas_complex_num&lt;T&gt;<sp/>is<sp/>not<sp/>a<sp/>standard<sp/>layout<sp/>type,<sp/>and<sp/>thus<sp/>is<sp/>incompatible<sp/>with<sp/>C.&quot;</highlight><highlight class="normal">);</highlight></codeline>
<codeline lineno="419"><highlight class="normal"></highlight></codeline>
<codeline lineno="420"><highlight class="normal"><sp/><sp/><sp/><sp/>static_assert(std::is_trivial&lt;rocblas_complex_num&lt;T&gt;&gt;{},</highlight></codeline>
<codeline lineno="421"><highlight class="normal"><sp/><sp/><sp/><sp/><sp/><sp/><sp/><sp/><sp/><sp/><sp/><sp/><sp/><sp/><sp/><sp/><sp/><sp/></highlight><highlight class="stringliteral">&quot;rocblas_complex_num&lt;T&gt;<sp/>is<sp/>not<sp/>a<sp/>trivial<sp/>type,<sp/>and<sp/>thus<sp/>is<sp/>incompatible<sp/>with<sp/>C.&quot;</highlight><highlight class="normal">);</highlight></codeline>
<codeline lineno="422"><highlight class="normal"></highlight></codeline>
<codeline lineno="423"><highlight class="normal"><sp/><sp/><sp/><sp/>static_assert(</highlight></codeline>
<codeline lineno="424"><highlight class="normal"><sp/><sp/><sp/><sp/><sp/><sp/><sp/><sp/></highlight><highlight class="keyword">sizeof</highlight><highlight class="normal">(rocblas_complex_num&lt;T&gt;)<sp/>==<sp/>2<sp/>*<sp/></highlight><highlight class="keyword">sizeof</highlight><highlight class="normal">(T),</highlight></codeline>
<codeline lineno="425"><highlight class="normal"><sp/><sp/><sp/><sp/><sp/><sp/><sp/><sp/></highlight><highlight class="stringliteral">&quot;rocblas_complex_num&lt;T&gt;<sp/>is<sp/>not<sp/>the<sp/>correct<sp/>size,<sp/>and<sp/>thus<sp/>is<sp/>incompatible<sp/>with<sp/>C.&quot;</highlight><highlight class="normal">);</highlight></codeline>
<codeline lineno="426"><highlight class="normal">};</highlight></codeline>
<codeline lineno="427"><highlight class="normal"></highlight></codeline>
<codeline lineno="428"><highlight class="normal"></highlight><highlight class="keyword">template</highlight><highlight class="normal"><sp/></highlight><highlight class="keyword">class<sp/></highlight><highlight class="normal">rocblas_complex_num_check&lt;float&gt;;</highlight></codeline>
<codeline lineno="429"><highlight class="normal"></highlight><highlight class="keyword">template</highlight><highlight class="normal"><sp/></highlight><highlight class="keyword">class<sp/></highlight><highlight class="normal">rocblas_complex_num_check&lt;double&gt;;</highlight></codeline>
<codeline lineno="430"><highlight class="normal"></highlight></codeline>
<codeline lineno="431"><highlight class="normal"></highlight><highlight class="comment">//<sp/>rocBLAS<sp/>complex<sp/>data<sp/>types</highlight><highlight class="normal"></highlight></codeline>
<codeline lineno="432"><highlight class="normal"></highlight><highlight class="keyword">using</highlight><highlight class="normal"><sp/><ref refid="structrocblas__float__complex" kindref="compound">rocblas_float_complex</ref><sp/><sp/>=<sp/>rocblas_complex_num&lt;float&gt;;</highlight></codeline>
<codeline lineno="433"><highlight class="normal"></highlight><highlight class="keyword">using</highlight><highlight class="normal"><sp/><ref refid="structrocblas__double__complex" kindref="compound">rocblas_double_complex</ref><sp/>=<sp/>rocblas_complex_num&lt;double&gt;;</highlight></codeline>
<codeline lineno="434"><highlight class="normal"></highlight></codeline>
<codeline lineno="436"><highlight class="keyword">template</highlight><highlight class="normal"><sp/>&lt;</highlight><highlight class="keyword">typename</highlight><highlight class="normal"><sp/>T&gt;</highlight></codeline>
<codeline lineno="437"><highlight class="normal"></highlight><highlight class="keyword">static</highlight><highlight class="normal"><sp/>constexpr<sp/></highlight><highlight class="keywordtype">bool</highlight><highlight class="normal"><sp/>is_complex<sp/>=<sp/></highlight><highlight class="keyword">false</highlight><highlight class="normal">;</highlight></codeline>
<codeline lineno="438"><highlight class="normal"></highlight></codeline>
<codeline lineno="439"><highlight class="normal"></highlight><highlight class="keyword">template</highlight><highlight class="normal"><sp/>&lt;&gt;</highlight></codeline>
<codeline lineno="440"><highlight class="normal">ROCBLAS_CLANG_STATIC<sp/>constexpr<sp/></highlight><highlight class="keywordtype">bool</highlight><highlight class="normal"><sp/>is_complex&lt;rocblas_float_complex&gt;<sp/>=<sp/></highlight><highlight class="keyword">true</highlight><highlight class="normal">;</highlight></codeline>
<codeline lineno="441"><highlight class="normal"></highlight></codeline>
<codeline lineno="442"><highlight class="normal"></highlight><highlight class="keyword">template</highlight><highlight class="normal"><sp/>&lt;&gt;</highlight></codeline>
<codeline lineno="443"><highlight class="normal">ROCBLAS_CLANG_STATIC<sp/>constexpr<sp/></highlight><highlight class="keywordtype">bool</highlight><highlight class="normal"><sp/>is_complex&lt;rocblas_double_complex&gt;<sp/>=<sp/></highlight><highlight class="keyword">true</highlight><highlight class="normal">;</highlight></codeline>
<codeline lineno="444"><highlight class="normal"></highlight></codeline>
<codeline lineno="448"><highlight class="keyword">template</highlight><highlight class="normal"><sp/>&lt;</highlight><highlight class="keyword">typename</highlight><highlight class="normal"><sp/>T&gt;</highlight></codeline>
<codeline lineno="449"><highlight class="normal"></highlight><highlight class="keyword">struct<sp/></highlight><highlight class="normal">ROCBLAS_INTERNAL_EXPORT<sp/>rocblas_index_value_t</highlight></codeline>
<codeline lineno="450"><highlight class="normal">{</highlight></codeline>
<codeline lineno="452"><highlight class="normal"><sp/><sp/><sp/><sp/>rocblas_int<sp/>index;</highlight></codeline>
<codeline lineno="454"><highlight class="normal"><sp/><sp/><sp/><sp/>T<sp/>value;</highlight></codeline>
<codeline lineno="455"><highlight class="normal">};</highlight></codeline>
<codeline lineno="456"><highlight class="normal"></highlight></codeline>
<codeline lineno="457"><highlight class="normal"></highlight><highlight class="preprocessor">#endif<sp/>//<sp/>__cplusplus<sp/>&lt;<sp/>201402L<sp/>||<sp/>(!defined(__HCC__)<sp/>&amp;&amp;<sp/>!defined(__HIPCC__))</highlight><highlight class="normal"></highlight></codeline>
<codeline lineno="458"><highlight class="normal"></highlight></codeline>
<codeline lineno="459"><highlight class="normal"></highlight><highlight class="preprocessor">#endif</highlight></codeline>
    </programlisting>
    <location file="/var/jenkins_home/workspace/lysis_rocBLAS-internal_develop_2/Is6XfxYHY/rocblas/library/include/internal/rocblas-complex-types.h"/>
  </compounddef>
</doxygen>
