<?xml version='1.0' encoding='UTF-8' standalone='no'?>
<doxygen xmlns:xsi="http://www.w3.org/2001/XMLSchema-instance" xsi:noNamespaceSchemaLocation="compound.xsd" version="1.8.18">
  <compounddef id="structrocblas__float__complex" kind="struct" language="C++" prot="public">
    <compoundname>rocblas_float_complex</compoundname>
    <includes refid="rocblas-complex-types_8h" local="no">rocblas-complex-types.h</includes>
      <sectiondef kind="public-attrib">
      <memberdef kind="variable" id="structrocblas__float__complex_1aab4eff927f74551df2e21b9f5d0b7d13" prot="public" static="no" mutable="no">
        <type>float</type>
        <definition>float rocblas_float_complex::x</definition>
        <argsstring></argsstring>
        <name>x</name>
        <briefdescription>
        </briefdescription>
        <detaileddescription>
        </detaileddescription>
        <inbodydescription>
        </inbodydescription>
        <location file="/var/jenkins_home/workspace/lysis_rocBLAS-internal_develop_2/Is6XfxYHY/rocblas/library/include/internal/rocblas-complex-types.h" line="41" column="11" bodyfile="/var/jenkins_home/workspace/lysis_rocBLAS-internal_develop_2/Is6XfxYHY/rocblas/library/include/internal/rocblas-complex-types.h" bodystart="41" bodyend="-1"/>
      </memberdef>
      <memberdef kind="variable" id="structrocblas__float__complex_1af7d6a8477d2c467ba964adacad87e07b" prot="public" static="no" mutable="no">
        <type>float</type>
        <definition>float rocblas_float_complex::y</definition>
        <argsstring></argsstring>
        <name>y</name>
        <briefdescription>
        </briefdescription>
        <detaileddescription>
        </detaileddescription>
        <inbodydescription>
        </inbodydescription>
        <location file="/var/jenkins_home/workspace/lysis_rocBLAS-internal_develop_2/Is6XfxYHY/rocblas/library/include/internal/rocblas-complex-types.h" line="41" column="13" bodyfile="/var/jenkins_home/workspace/lysis_rocBLAS-internal_develop_2/Is6XfxYHY/rocblas/library/include/internal/rocblas-complex-types.h" bodystart="41" bodyend="-1"/>
      </memberdef>
      </sectiondef>
    <briefdescription>
<para>Struct to represent a complex number with single precision real and imaginary parts. </para>
    </briefdescription>
    <detaileddescription>
    </detaileddescription>
    <location file="/var/jenkins_home/workspace/lysis_rocBLAS-internal_develop_2/Is6XfxYHY/rocblas/library/include/internal/rocblas-complex-types.h" line="39" column="1" bodyfile="/var/jenkins_home/workspace/lysis_rocBLAS-internal_develop_2/Is6XfxYHY/rocblas/library/include/internal/rocblas-complex-types.h" bodystart="40" bodyend="42"/>
    <listofallmembers>
      <member refid="structrocblas__float__complex_1aab4eff927f74551df2e21b9f5d0b7d13" prot="public" virt="non-virtual"><scope>rocblas_float_complex</scope><name>x</name></member>
      <member refid="structrocblas__float__complex_1af7d6a8477d2c467ba964adacad87e07b" prot="public" virt="non-virtual"><scope>rocblas_float_complex</scope><name>y</name></member>
    </listofallmembers>
  </compounddef>
</doxygen>
