<?xml version='1.0' encoding='UTF-8' standalone='no'?>
<doxygen xmlns:xsi="http://www.w3.org/2001/XMLSchema-instance" xsi:noNamespaceSchemaLocation="compound.xsd" version="1.8.18">
  <compounddef id="structrocblas__bfloat16" kind="struct" language="C++" prot="public">
    <compoundname>rocblas_bfloat16</compoundname>
    <includes refid="rocblas__bfloat16_8h" local="no">rocblas_bfloat16.h</includes>
      <sectiondef kind="public-attrib">
      <memberdef kind="variable" id="structrocblas__bfloat16_1aaefadd53f0161785806f233e9454dd03" prot="public" static="no" mutable="no">
        <type>uint16_t</type>
        <definition>uint16_t rocblas_bfloat16::data</definition>
        <argsstring></argsstring>
        <name>data</name>
        <briefdescription>
        </briefdescription>
        <detaileddescription>
        </detaileddescription>
        <inbodydescription>
        </inbodydescription>
        <location file="/var/jenkins_home/workspace/lysis_rocBLAS-internal_develop_2/Is6XfxYHY/rocblas/library/include/internal/rocblas_bfloat16.h" line="41" column="14" bodyfile="/var/jenkins_home/workspace/lysis_rocBLAS-internal_develop_2/Is6XfxYHY/rocblas/library/include/internal/rocblas_bfloat16.h" bodystart="41" bodyend="-1"/>
      </memberdef>
      </sectiondef>
    <briefdescription>
<para>Struct to represent a 16 bit Brain floating-point number. </para>
    </briefdescription>
    <detaileddescription>
    </detaileddescription>
    <location file="/var/jenkins_home/workspace/lysis_rocBLAS-internal_develop_2/Is6XfxYHY/rocblas/library/include/internal/rocblas_bfloat16.h" line="39" column="1" bodyfile="/var/jenkins_home/workspace/lysis_rocBLAS-internal_develop_2/Is6XfxYHY/rocblas/library/include/internal/rocblas_bfloat16.h" bodystart="40" bodyend="42"/>
    <listofallmembers>
      <member refid="structrocblas__bfloat16_1aaefadd53f0161785806f233e9454dd03" prot="public" virt="non-virtual"><scope>rocblas_bfloat16</scope><name>data</name></member>
    </listofallmembers>
  </compounddef>
</doxygen>
