<?xml version='1.0' encoding='UTF-8' standalone='no'?>
<doxygen xmlns:xsi="http://www.w3.org/2001/XMLSchema-instance" xsi:noNamespaceSchemaLocation="compound.xsd" version="1.8.18">
  <compounddef id="structrocblas__double__complex" kind="struct" language="C++" prot="public">
    <compoundname>rocblas_double_complex</compoundname>
    <includes refid="rocblas-complex-types_8h" local="no">rocblas-complex-types.h</includes>
      <sectiondef kind="public-attrib">
      <memberdef kind="variable" id="structrocblas__double__complex_1af0d79faf12e7988055d7c63703c8aa6a" prot="public" static="no" mutable="no">
        <type>double</type>
        <definition>double rocblas_double_complex::x</definition>
        <argsstring></argsstring>
        <name>x</name>
        <briefdescription>
        </briefdescription>
        <detaileddescription>
        </detaileddescription>
        <inbodydescription>
        </inbodydescription>
        <location file="/var/jenkins_home/workspace/lysis_rocBLAS-internal_develop_2/Is6XfxYHY/rocblas/library/include/internal/rocblas-complex-types.h" line="47" column="12" bodyfile="/var/jenkins_home/workspace/lysis_rocBLAS-internal_develop_2/Is6XfxYHY/rocblas/library/include/internal/rocblas-complex-types.h" bodystart="47" bodyend="-1"/>
      </memberdef>
      <memberdef kind="variable" id="structrocblas__double__complex_1a5fe0ada8adbb50d5c85d1c4564911da8" prot="public" static="no" mutable="no">
        <type>double</type>
        <definition>double rocblas_double_complex::y</definition>
        <argsstring></argsstring>
        <name>y</name>
        <briefdescription>
        </briefdescription>
        <detaileddescription>
        </detaileddescription>
        <inbodydescription>
        </inbodydescription>
        <location file="/var/jenkins_home/workspace/lysis_rocBLAS-internal_develop_2/Is6XfxYHY/rocblas/library/include/internal/rocblas-complex-types.h" line="47" column="14" bodyfile="/var/jenkins_home/workspace/lysis_rocBLAS-internal_develop_2/Is6XfxYHY/rocblas/library/include/internal/rocblas-complex-types.h" bodystart="47" bodyend="-1"/>
      </memberdef>
      </sectiondef>
    <briefdescription>
<para>Struct to represent a complex number with double precision real and imaginary parts. </para>
    </briefdescription>
    <detaileddescription>
    </detaileddescription>
    <location file="/var/jenkins_home/workspace/lysis_rocBLAS-internal_develop_2/Is6XfxYHY/rocblas/library/include/internal/rocblas-complex-types.h" line="45" column="1" bodyfile="/var/jenkins_home/workspace/lysis_rocBLAS-internal_develop_2/Is6XfxYHY/rocblas/library/include/internal/rocblas-complex-types.h" bodystart="46" bodyend="48"/>
    <listofallmembers>
      <member refid="structrocblas__double__complex_1af0d79faf12e7988055d7c63703c8aa6a" prot="public" virt="non-virtual"><scope>rocblas_double_complex</scope><name>x</name></member>
      <member refid="structrocblas__double__complex_1a5fe0ada8adbb50d5c85d1c4564911da8" prot="public" virt="non-virtual"><scope>rocblas_double_complex</scope><name>y</name></member>
    </listofallmembers>
  </compounddef>
</doxygen>
