<?xml version='1.0' encoding='UTF-8' standalone='no'?>
<doxygen xmlns:xsi="http://www.w3.org/2001/XMLSchema-instance" xsi:noNamespaceSchemaLocation="compound.xsd" version="1.8.18">
  <compounddef id="unionrocblas__union__t" kind="union" language="C++" prot="public">
    <compoundname>rocblas_union_t</compoundname>
    <includes refid="rocblas-types_8h" local="no">rocblas-types.h</includes>
      <sectiondef kind="public-attrib">
      <memberdef kind="variable" id="unionrocblas__union__t_1a68c90d8b27573277ed154657b898b2af" prot="public" static="no" mutable="no">
        <type>rocblas_half</type>
        <definition>rocblas_half rocblas_union_t::h</definition>
        <argsstring></argsstring>
        <name>h</name>
        <briefdescription>
        </briefdescription>
        <detaileddescription>
        </detaileddescription>
        <inbodydescription>
        </inbodydescription>
        <location file="/var/jenkins_home/workspace/lysis_rocBLAS-internal_develop_2/Is6XfxYHY/rocblas/library/include/internal/rocblas-types.h" line="263" column="28" bodyfile="/var/jenkins_home/workspace/lysis_rocBLAS-internal_develop_2/Is6XfxYHY/rocblas/library/include/internal/rocblas-types.h" bodystart="263" bodyend="-1"/>
      </memberdef>
      <memberdef kind="variable" id="unionrocblas__union__t_1a7bd8dce59230139b5a3258ff705ed9dc" prot="public" static="no" mutable="no">
        <type>float</type>
        <definition>float rocblas_union_t::s</definition>
        <argsstring></argsstring>
        <name>s</name>
        <briefdescription>
        </briefdescription>
        <detaileddescription>
        </detaileddescription>
        <inbodydescription>
        </inbodydescription>
        <location file="/var/jenkins_home/workspace/lysis_rocBLAS-internal_develop_2/Is6XfxYHY/rocblas/library/include/internal/rocblas-types.h" line="264" column="28" bodyfile="/var/jenkins_home/workspace/lysis_rocBLAS-internal_develop_2/Is6XfxYHY/rocblas/library/include/internal/rocblas-types.h" bodystart="264" bodyend="-1"/>
      </memberdef>
      <memberdef kind="variable" id="unionrocblas__union__t_1a347409d43eedf7b266645a670979ca4b" prot="public" static="no" mutable="no">
        <type>double</type>
        <definition>double rocblas_union_t::d</definition>
        <argsstring></argsstring>
        <name>d</name>
        <briefdescription>
        </briefdescription>
        <detaileddescription>
        </detaileddescription>
        <inbodydescription>
        </inbodydescription>
        <location file="/var/jenkins_home/workspace/lysis_rocBLAS-internal_develop_2/Is6XfxYHY/rocblas/library/include/internal/rocblas-types.h" line="265" column="28" bodyfile="/var/jenkins_home/workspace/lysis_rocBLAS-internal_develop_2/Is6XfxYHY/rocblas/library/include/internal/rocblas-types.h" bodystart="265" bodyend="-1"/>
      </memberdef>
      <memberdef kind="variable" id="unionrocblas__union__t_1ac87ab851ed0611009ce298ea11ddf385" prot="public" static="no" mutable="no">
        <type>int32_t</type>
        <definition>int32_t rocblas_union_t::i</definition>
        <argsstring></argsstring>
        <name>i</name>
        <briefdescription>
        </briefdescription>
        <detaileddescription>
        </detaileddescription>
        <inbodydescription>
        </inbodydescription>
        <location file="/var/jenkins_home/workspace/lysis_rocBLAS-internal_develop_2/Is6XfxYHY/rocblas/library/include/internal/rocblas-types.h" line="266" column="28" bodyfile="/var/jenkins_home/workspace/lysis_rocBLAS-internal_develop_2/Is6XfxYHY/rocblas/library/include/internal/rocblas-types.h" bodystart="266" bodyend="-1"/>
      </memberdef>
      <memberdef kind="variable" id="unionrocblas__union__t_1afb6a8f64c426d854ad3806def0475298" prot="public" static="no" mutable="no">
        <type><ref refid="structrocblas__float__complex" kindref="compound">rocblas_float_complex</ref></type>
        <definition>rocblas_float_complex rocblas_union_t::c</definition>
        <argsstring></argsstring>
        <name>c</name>
        <briefdescription>
        </briefdescription>
        <detaileddescription>
        </detaileddescription>
        <inbodydescription>
        </inbodydescription>
        <location file="/var/jenkins_home/workspace/lysis_rocBLAS-internal_develop_2/Is6XfxYHY/rocblas/library/include/internal/rocblas-types.h" line="267" column="28" bodyfile="/var/jenkins_home/workspace/lysis_rocBLAS-internal_develop_2/Is6XfxYHY/rocblas/library/include/internal/rocblas-types.h" bodystart="267" bodyend="-1"/>
      </memberdef>
      <memberdef kind="variable" id="unionrocblas__union__t_1a269d7ae5c4c3bf25e80e164297de7bc6" prot="public" static="no" mutable="no">
        <type><ref refid="structrocblas__double__complex" kindref="compound">rocblas_double_complex</ref></type>
        <definition>rocblas_double_complex rocblas_union_t::z</definition>
        <argsstring></argsstring>
        <name>z</name>
        <briefdescription>
        </briefdescription>
        <detaileddescription>
        </detaileddescription>
        <inbodydescription>
        </inbodydescription>
        <location file="/var/jenkins_home/workspace/lysis_rocBLAS-internal_develop_2/Is6XfxYHY/rocblas/library/include/internal/rocblas-types.h" line="268" column="28" bodyfile="/var/jenkins_home/workspace/lysis_rocBLAS-internal_develop_2/Is6XfxYHY/rocblas/library/include/internal/rocblas-types.h" bodystart="268" bodyend="-1"/>
      </memberdef>
      </sectiondef>
    <briefdescription>
<para>Union for representing scalar values. </para>
    </briefdescription>
    <detaileddescription>
    </detaileddescription>
    <collaborationgraph>
      <node id="1">
        <label>rocblas_union_t</label>
        <link refid="unionrocblas__union__t"/>
        <childnode refid="2" relation="usage">
          <edgelabel>z</edgelabel>
        </childnode>
        <childnode refid="3" relation="usage">
          <edgelabel>c</edgelabel>
        </childnode>
      </node>
      <node id="2">
        <label>rocblas_double_complex</label>
        <link refid="structrocblas__double__complex"/>
      </node>
      <node id="3">
        <label>rocblas_float_complex</label>
        <link refid="structrocblas__float__complex"/>
      </node>
    </collaborationgraph>
    <location file="/var/jenkins_home/workspace/lysis_rocBLAS-internal_develop_2/Is6XfxYHY/rocblas/library/include/internal/rocblas-types.h" line="261" column="1" bodyfile="/var/jenkins_home/workspace/lysis_rocBLAS-internal_develop_2/Is6XfxYHY/rocblas/library/include/internal/rocblas-types.h" bodystart="262" bodyend="269"/>
    <listofallmembers>
      <member refid="unionrocblas__union__t_1afb6a8f64c426d854ad3806def0475298" prot="public" virt="non-virtual"><scope>rocblas_union_t</scope><name>c</name></member>
      <member refid="unionrocblas__union__t_1a347409d43eedf7b266645a670979ca4b" prot="public" virt="non-virtual"><scope>rocblas_union_t</scope><name>d</name></member>
      <member refid="unionrocblas__union__t_1a68c90d8b27573277ed154657b898b2af" prot="public" virt="non-virtual"><scope>rocblas_union_t</scope><name>h</name></member>
      <member refid="unionrocblas__union__t_1ac87ab851ed0611009ce298ea11ddf385" prot="public" virt="non-virtual"><scope>rocblas_union_t</scope><name>i</name></member>
      <member refid="unionrocblas__union__t_1a7bd8dce59230139b5a3258ff705ed9dc" prot="public" virt="non-virtual"><scope>rocblas_union_t</scope><name>s</name></member>
      <member refid="unionrocblas__union__t_1a269d7ae5c4c3bf25e80e164297de7bc6" prot="public" virt="non-virtual"><scope>rocblas_union_t</scope><name>z</name></member>
    </listofallmembers>
  </compounddef>
</doxygen>
